id,protected,source,expected_sha256,source_sha256,status
cnn_silu_5d1cd02b0305,/scratch/users/ghoshavr/eoss/results/NEURAL_NETWORK_RESULTS_20260905/07_FIXED_FRAME_BIMODALITY/checkpoint_snapshot/cnn_silu_5d1cd02b0305/checkpoints/ckpt_020000.pt,/scratch/users/ghoshavr/eoss/results/marc_moment_campaign_20260905/vision/cnn_silu/eta0.04/seed88881/B128/checkpoints/ckpt_020000.pt,a86d175d5f199ca2f69fde83f837664b59b7b63c31f1913e0ce2e52400423dcf,a86d175d5f199ca2f69fde83f837664b59b7b63c31f1913e0ce2e52400423dcf,exact_hash_match
cnn_silu_7ee1be3e5cd1,/scratch/users/ghoshavr/eoss/results/NEURAL_NETWORK_RESULTS_20260905/07_FIXED_FRAME_BIMODALITY/checkpoint_snapshot/cnn_silu_7ee1be3e5cd1/checkpoints/ckpt_020000.pt,/scratch/users/ghoshavr/eoss/results/marc_moment_campaign_20260905/vision/cnn_silu/eta0.04/seed88881/B2048/checkpoints/ckpt_020000.pt,1672b12a3915dae0b7a1bb806f737de69500fdf1eed027992afda6ecf1b7388c,1672b12a3915dae0b7a1bb806f737de69500fdf1eed027992afda6ecf1b7388c,exact_hash_match
cnn_silu_77ef21d95a36,/scratch/users/ghoshavr/eoss/results/NEURAL_NETWORK_RESULTS_20260905/07_FIXED_FRAME_BIMODALITY/checkpoint_snapshot/cnn_silu_77ef21d95a36/checkpoints/ckpt_020000.pt,/scratch/users/ghoshavr/eoss/results/marc_moment_campaign_20260905/vision/cnn_silu/eta0.04/seed88881/B32/checkpoints/ckpt_020000.pt,73420ea8d2b6f75ec3002cff77eb05c39d5571cd4e18aaff203fd5c33b7c392a,73420ea8d2b6f75ec3002cff77eb05c39d5571cd4e18aaff203fd5c33b7c392a,exact_hash_match
cnn_silu_476724750c58,/scratch/users/ghoshavr/eoss/results/NEURAL_NETWORK_RESULTS_20260905/07_FIXED_FRAME_BIMODALITY/checkpoint_snapshot/cnn_silu_476724750c58/checkpoints/ckpt_020000.pt,/scratch/users/ghoshavr/eoss/results/marc_moment_campaign_20260905/vision/cnn_silu/eta0.04/seed88881/B4096/checkpoints/ckpt_020000.pt,b7b64c802aa5b72846011539b606f01d10806565fdb08ba4ecb2d49fb457887a,b7b64c802aa5b72846011539b606f01d10806565fdb08ba4ecb2d49fb457887a,exact_hash_match
cnn_silu_46876ddb9d06,/scratch/users/ghoshavr/eoss/results/NEURAL_NETWORK_RESULTS_20260905/07_FIXED_FRAME_BIMODALITY/checkpoint_snapshot/cnn_silu_46876ddb9d06/checkpoints/ckpt_020000.pt,/scratch/users/ghoshavr/eoss/results/marc_moment_campaign_20260905/vision/cnn_silu/eta0.04/seed88881/B512/checkpoints/ckpt_020000.pt,82b8290e4528e86cae7847f7a7a181bf3ce72a11e0ef7ba8e3711a51005c4b37,82b8290e4528e86cae7847f7a7a181bf3ce72a11e0ef7ba8e3711a51005c4b37,exact_hash_match
cnn_silu_9e65d63f91c9,/scratch/users/ghoshavr/eoss/results/NEURAL_NETWORK_RESULTS_20260905/07_FIXED_FRAME_BIMODALITY/checkpoint_snapshot/cnn_silu_9e65d63f91c9/checkpoints/ckpt_020000.pt,/scratch/users/ghoshavr/eoss/results/marc_moment_campaign_20260905/vision/cnn_silu/eta0.04/seed88881/B8/checkpoints/ckpt_020000.pt,d4e3ad3b08c5d4b24cad8169d1e04b72931c798d3490bf4691c7d27f75829bff,d4e3ad3b08c5d4b24cad8169d1e04b72931c798d3490bf4691c7d27f75829bff,exact_hash_match
cnn_silu_1cce4d09a860,/scratch/users/ghoshavr/eoss/results/NEURAL_NETWORK_RESULTS_20260905/07_FIXED_FRAME_BIMODALITY/checkpoint_snapshot/cnn_silu_1cce4d09a860/latest_resume.pt,/scratch/users/ghoshavr/eoss/results/marc_moment_campaign_20260905/vision/cnn_silu/eta0.04/seed88882/B128/latest_resume.pt,3237d91e4a15aded8644c71789467bf6f0cc15b8c1afeb1c48c67ee22de07597,3237d91e4a15aded8644c71789467bf6f0cc15b8c1afeb1c48c67ee22de07597,exact_hash_match
cnn_silu_f349fbfe3bcd,/scratch/users/ghoshavr/eoss/results/NEURAL_NETWORK_RESULTS_20260905/07_FIXED_FRAME_BIMODALITY/checkpoint_snapshot/cnn_silu_f349fbfe3bcd/latest_resume.pt,/scratch/users/ghoshavr/eoss/results/marc_moment_campaign_20260905/vision/cnn_silu/eta0.04/seed88882/B2048/latest_resume.pt,17443989088fb1eb93abe0f7ca68ca688da63a019dc8138ca15c8f4f6b49ea0d,17443989088fb1eb93abe0f7ca68ca688da63a019dc8138ca15c8f4f6b49ea0d,exact_hash_match
cnn_silu_e01bc86d3d7b,/scratch/users/ghoshavr/eoss/results/NEURAL_NETWORK_RESULTS_20260905/07_FIXED_FRAME_BIMODALITY/checkpoint_snapshot/cnn_silu_e01bc86d3d7b/latest_resume.pt,/scratch/users/ghoshavr/eoss/results/marc_moment_campaign_20260905/vision/cnn_silu/eta0.04/seed88882/B32/latest_resume.pt,62e01c72443dc952c0804c8bcb59de8cbc722827a92b01ea875a9231194e440a,62e01c72443dc952c0804c8bcb59de8cbc722827a92b01ea875a9231194e440a,exact_hash_match
cnn_silu_c061da1ab05c,/scratch/users/ghoshavr/eoss/results/NEURAL_NETWORK_RESULTS_20260905/07_FIXED_FRAME_BIMODALITY/checkpoint_snapshot/cnn_silu_c061da1ab05c/latest_resume.pt,/scratch/users/ghoshavr/eoss/results/marc_moment_campaign_20260905/vision/cnn_silu/eta0.04/seed88882/B4096/latest_resume.pt,,,source_exists_unverified
cnn_silu_972aec9eed44,/scratch/users/ghoshavr/eoss/results/NEURAL_NETWORK_RESULTS_20260905/07_FIXED_FRAME_BIMODALITY/checkpoint_snapshot/cnn_silu_972aec9eed44/latest_resume.pt,/scratch/users/ghoshavr/eoss/results/marc_moment_campaign_20260905/vision/cnn_silu/eta0.04/seed88882/B512/latest_resume.pt,d0854d7b631c880ed38fdc1350257a7a1506529dcef8888ab515ec761a8e271a,d0854d7b631c880ed38fdc1350257a7a1506529dcef8888ab515ec761a8e271a,exact_hash_match
cnn_silu_b8a95434523b,/scratch/users/ghoshavr/eoss/results/NEURAL_NETWORK_RESULTS_20260905/07_FIXED_FRAME_BIMODALITY/checkpoint_snapshot/cnn_silu_b8a95434523b/latest_resume.pt,/scratch/users/ghoshavr/eoss/results/marc_moment_campaign_20260905/vision/cnn_silu/eta0.04/seed88882/B8/latest_resume.pt,88222b29daf46ad35911a28976e04fe11a68932b8622f26172029825b786499f,88222b29daf46ad35911a28976e04fe11a68932b8622f26172029825b786499f,exact_hash_match
cnn_silu_89e7b30a2845,/scratch/users/ghoshavr/eoss/results/NEURAL_NETWORK_RESULTS_20260905/07_FIXED_FRAME_BIMODALITY/checkpoint_snapshot/cnn_silu_89e7b30a2845/latest_resume.pt,/scratch/users/ghoshavr/eoss/results/marc_moment_campaign_20260905/vision/cnn_silu/eta0.04/seed88883/B128/latest_resume.pt,a5b540ef1c6c26de827c3fa66a666754cc537f831e0fe6bcd249d14d7ad05d07,a5b540ef1c6c26de827c3fa66a666754cc537f831e0fe6bcd249d14d7ad05d07,exact_hash_match
cnn_silu_b6a22eabef29,/scratch/users/ghoshavr/eoss/results/NEURAL_NETWORK_RESULTS_20260905/07_FIXED_FRAME_BIMODALITY/checkpoint_snapshot/cnn_silu_b6a22eabef29/latest_resume.pt,/scratch/users/ghoshavr/eoss/results/marc_moment_campaign_20260905/vision/cnn_silu/eta0.04/seed88883/B2048/latest_resume.pt,14e796fb2d566b2055d33753ce168b5e8cf61afdaaad6e4bf39758fd926cb92f,14e796fb2d566b2055d33753ce168b5e8cf61afdaaad6e4bf39758fd926cb92f,exact_hash_match
cnn_silu_1b40a07308ae,/scratch/users/ghoshavr/eoss/results/NEURAL_NETWORK_RESULTS_20260905/07_FIXED_FRAME_BIMODALITY/checkpoint_snapshot/cnn_silu_1b40a07308ae/latest_resume.pt,/scratch/users/ghoshavr/eoss/results/marc_moment_campaign_20260905/vision/cnn_silu/eta0.04/seed88883/B32/latest_resume.pt,6c5ee9d369e9cf2f48b2153b3eb18d1492e939e833dc443a2aba87fcb3b5b1a2,6c5ee9d369e9cf2f48b2153b3eb18d1492e939e833dc443a2aba87fcb3b5b1a2,exact_hash_match
cnn_silu_9dada8d871cf,/scratch/users/ghoshavr/eoss/results/NEURAL_NETWORK_RESULTS_20260905/07_FIXED_FRAME_BIMODALITY/checkpoint_snapshot/cnn_silu_9dada8d871cf/latest_resume.pt,/scratch/users/ghoshavr/eoss/results/marc_moment_campaign_20260905/vision/cnn_silu/eta0.04/seed88883/B4096/latest_resume.pt,,,source_exists_unverified
cnn_silu_6dcef04e2711,/scratch/users/ghoshavr/eoss/results/NEURAL_NETWORK_RESULTS_20260905/07_FIXED_FRAME_BIMODALITY/checkpoint_snapshot/cnn_silu_6dcef04e2711/latest_resume.pt,/scratch/users/ghoshavr/eoss/results/marc_moment_campaign_20260905/vision/cnn_silu/eta0.04/seed88883/B512/latest_resume.pt,35132df685dd68a95799c0c5029ca446d3e5ecca2f3da20c1f1d531eea3a967a,35132df685dd68a95799c0c5029ca446d3e5ecca2f3da20c1f1d531eea3a967a,exact_hash_match
cnn_silu_b4773a3ca33b,/scratch/users/ghoshavr/eoss/results/NEURAL_NETWORK_RESULTS_20260905/07_FIXED_FRAME_BIMODALITY/checkpoint_snapshot/cnn_silu_b4773a3ca33b/latest_resume.pt,/scratch/users/ghoshavr/eoss/results/marc_moment_campaign_20260905/vision/cnn_silu/eta0.04/seed88883/B8/latest_resume.pt,c906d3d1303720dfc9f1fa12893f8a2d4cebd408a499acea8a1d78255f62084c,c906d3d1303720dfc9f1fa12893f8a2d4cebd408a499acea8a1d78255f62084c,exact_hash_match
cnn_silu_9c4ab8ad240e,/scratch/users/ghoshavr/eoss/results/NEURAL_NETWORK_RESULTS_20260905/07_FIXED_FRAME_BIMODALITY/checkpoint_snapshot/cnn_silu_9c4ab8ad240e/checkpoints/ckpt_020000.pt,/scratch/users/ghoshavr/eoss/results/marc_moment_campaign_20260905/vision/cnn_silu/eta0.08/seed88881/B128/checkpoints/ckpt_020000.pt,1b897babcc7149f44d9a627af30f9ab209fec362c82605267d86209781b96248,1b897babcc7149f44d9a627af30f9ab209fec362c82605267d86209781b96248,exact_hash_match
cnn_silu_5f1b34627adc,/scratch/users/ghoshavr/eoss/results/NEURAL_NETWORK_RESULTS_20260905/07_FIXED_FRAME_BIMODALITY/checkpoint_snapshot/cnn_silu_5f1b34627adc/checkpoints/ckpt_020000.pt,/scratch/users/ghoshavr/eoss/results/marc_moment_campaign_20260905/vision/cnn_silu/eta0.08/seed88881/B2048/checkpoints/ckpt_020000.pt,68fb0ec2ffb48d34627710ea3af40e30538ca9490cbfce2b5e1ec9c91a25e8f9,68fb0ec2ffb48d34627710ea3af40e30538ca9490cbfce2b5e1ec9c91a25e8f9,exact_hash_match
cnn_silu_9b1a1f1fc546,/scratch/users/ghoshavr/eoss/results/NEURAL_NETWORK_RESULTS_20260905/07_FIXED_FRAME_BIMODALITY/checkpoint_snapshot/cnn_silu_9b1a1f1fc546/checkpoints/ckpt_020000.pt,/scratch/users/ghoshavr/eoss/results/marc_moment_campaign_20260905/vision/cnn_silu/eta0.08/seed88881/B32/checkpoints/ckpt_020000.pt,6815f4dd4d9cf1f85a600ecd2a509ba24f9a79f16f023cef9f0eb62b49105c10,6815f4dd4d9cf1f85a600ecd2a509ba24f9a79f16f023cef9f0eb62b49105c10,exact_hash_match
cnn_silu_cdffbed351d5,/scratch/users/ghoshavr/eoss/results/NEURAL_NETWORK_RESULTS_20260905/07_FIXED_FRAME_BIMODALITY/checkpoint_snapshot/cnn_silu_cdffbed351d5/checkpoints/ckpt_020000.pt,/scratch/users/ghoshavr/eoss/results/marc_moment_campaign_20260905/vision/cnn_silu/eta0.08/seed88881/B4096/checkpoints/ckpt_020000.pt,a01eddd6f81850caaa3e85dcca5fd3dc2476876fc9e0b9192588c3bd757a98bf,a01eddd6f81850caaa3e85dcca5fd3dc2476876fc9e0b9192588c3bd757a98bf,exact_hash_match
cnn_silu_ad499652e8f0,/scratch/users/ghoshavr/eoss/results/NEURAL_NETWORK_RESULTS_20260905/07_FIXED_FRAME_BIMODALITY/checkpoint_snapshot/cnn_silu_ad499652e8f0/checkpoints/ckpt_020000.pt,/scratch/users/ghoshavr/eoss/results/marc_moment_campaign_20260905/vision/cnn_silu/eta0.08/seed88881/B512/checkpoints/ckpt_020000.pt,2b5e5169018dd0baa97cf15c52ec4e02b0b135b211468caf2966b0798b5100f1,2b5e5169018dd0baa97cf15c52ec4e02b0b135b211468caf2966b0798b5100f1,exact_hash_match
cnn_silu_0e6af763a7de,/scratch/users/ghoshavr/eoss/results/NEURAL_NETWORK_RESULTS_20260905/07_FIXED_FRAME_BIMODALITY/checkpoint_snapshot/cnn_silu_0e6af763a7de/checkpoints/ckpt_020000.pt,/scratch/users/ghoshavr/eoss/results/marc_moment_campaign_20260905/vision/cnn_silu/eta0.08/seed88881/B8/checkpoints/ckpt_020000.pt,be0f357194fad8ed6c0eafd7d285ccb592962bb2987cfedf738c9926e9a4faa6,be0f357194fad8ed6c0eafd7d285ccb592962bb2987cfedf738c9926e9a4faa6,exact_hash_match
cnn_silu_0990f76f7bcd,/scratch/users/ghoshavr/eoss/results/NEURAL_NETWORK_RESULTS_20260905/07_FIXED_FRAME_BIMODALITY/checkpoint_snapshot/cnn_silu_0990f76f7bcd/checkpoints/ckpt_020000.pt,/scratch/users/ghoshavr/eoss/results/marc_moment_campaign_20260905/vision/cnn_silu/eta0.08/seed88882/B128/checkpoints/ckpt_020000.pt,e26fb7d41a318915ae19b23ce786637963bc5535be1f1e9c1b012432d7b54f09,e26fb7d41a318915ae19b23ce786637963bc5535be1f1e9c1b012432d7b54f09,exact_hash_match
cnn_silu_0c9ea509f857,/scratch/users/ghoshavr/eoss/results/NEURAL_NETWORK_RESULTS_20260905/07_FIXED_FRAME_BIMODALITY/checkpoint_snapshot/cnn_silu_0c9ea509f857/latest_resume.pt,/scratch/users/ghoshavr/eoss/results/marc_moment_campaign_20260905/vision/cnn_silu/eta0.08/seed88882/B2048/latest_resume.pt,e6a395abdaf48a9c46ce7fbbc5b65fbf211015f7503495981db180b2bba713ed,e6a395abdaf48a9c46ce7fbbc5b65fbf211015f7503495981db180b2bba713ed,exact_hash_match
cnn_silu_e4a331b03c97,/scratch/users/ghoshavr/eoss/results/NEURAL_NETWORK_RESULTS_20260905/07_FIXED_FRAME_BIMODALITY/checkpoint_snapshot/cnn_silu_e4a331b03c97/checkpoints/ckpt_020000.pt,/scratch/users/ghoshavr/eoss/results/marc_moment_campaign_20260905/vision/cnn_silu/eta0.08/seed88882/B32/checkpoints/ckpt_020000.pt,57fb3cd3365581018f3a6a32d281556cba4247eaf687bf448c17bc4a44f6cd6e,57fb3cd3365581018f3a6a32d281556cba4247eaf687bf448c17bc4a44f6cd6e,exact_hash_match
cnn_silu_d0fff8df75a1,/scratch/users/ghoshavr/eoss/results/NEURAL_NETWORK_RESULTS_20260905/07_FIXED_FRAME_BIMODALITY/checkpoint_snapshot/cnn_silu_d0fff8df75a1/latest_resume.pt,/scratch/users/ghoshavr/eoss/results/marc_moment_campaign_20260905/vision/cnn_silu/eta0.08/seed88882/B4096/latest_resume.pt,,,source_exists_unverified
cnn_silu_16f115a0d4d0,/scratch/users/ghoshavr/eoss/results/NEURAL_NETWORK_RESULTS_20260905/07_FIXED_FRAME_BIMODALITY/checkpoint_snapshot/cnn_silu_16f115a0d4d0/checkpoints/ckpt_020000.pt,/scratch/users/ghoshavr/eoss/results/marc_moment_campaign_20260905/vision/cnn_silu/eta0.08/seed88882/B512/checkpoints/ckpt_020000.pt,20068bbf96f65668a2468d11314915052c651b0ade96b354626b8e80c90aebe3,20068bbf96f65668a2468d11314915052c651b0ade96b354626b8e80c90aebe3,exact_hash_match
cnn_silu_57aecf9c992c,/scratch/users/ghoshavr/eoss/results/NEURAL_NETWORK_RESULTS_20260905/07_FIXED_FRAME_BIMODALITY/checkpoint_snapshot/cnn_silu_57aecf9c992c/checkpoints/ckpt_020000.pt,/scratch/users/ghoshavr/eoss/results/marc_moment_campaign_20260905/vision/cnn_silu/eta0.08/seed88882/B8/checkpoints/ckpt_020000.pt,1043ccb9d8e936e71799abb65329aaf326f3664ce9dc75ed84176b9cf9559a63,1043ccb9d8e936e71799abb65329aaf326f3664ce9dc75ed84176b9cf9559a63,exact_hash_match
cnn_silu_5d0dc8f35f22,/scratch/users/ghoshavr/eoss/results/NEURAL_NETWORK_RESULTS_20260905/07_FIXED_FRAME_BIMODALITY/checkpoint_snapshot/cnn_silu_5d0dc8f35f22/checkpoints/ckpt_020000.pt,/scratch/users/ghoshavr/eoss/results/marc_moment_campaign_20260905/vision/cnn_silu/eta0.08/seed88883/B128/checkpoints/ckpt_020000.pt,60c1f6712b4c679f4dd36b76262446a2b7b22c1a7a30f8c65787ae370021cb57,60c1f6712b4c679f4dd36b76262446a2b7b22c1a7a30f8c65787ae370021cb57,exact_hash_match
cnn_silu_5a35b0b4a1cb,/scratch/users/ghoshavr/eoss/results/NEURAL_NETWORK_RESULTS_20260905/07_FIXED_FRAME_BIMODALITY/checkpoint_snapshot/cnn_silu_5a35b0b4a1cb/latest_resume.pt,/scratch/users/ghoshavr/eoss/results/marc_moment_campaign_20260905/vision/cnn_silu/eta0.08/seed88883/B2048/latest_resume.pt,21a481da5b562ce2aeb06f3676576725eb98d79625e4f005c2c34fd40baca02c,21a481da5b562ce2aeb06f3676576725eb98d79625e4f005c2c34fd40baca02c,exact_hash_match
cnn_silu_16d7ca60227a,/scratch/users/ghoshavr/eoss/results/NEURAL_NETWORK_RESULTS_20260905/07_FIXED_FRAME_BIMODALITY/checkpoint_snapshot/cnn_silu_16d7ca60227a/latest_resume.pt,/scratch/users/ghoshavr/eoss/results/marc_moment_campaign_20260905/vision/cnn_silu/eta0.08/seed88883/B32/latest_resume.pt,79a3d799cf4259b5542a5c62b9a8d3c992a29ba530123e566818752b15a0f64a,79a3d799cf4259b5542a5c62b9a8d3c992a29ba530123e566818752b15a0f64a,exact_hash_match
cnn_silu_1c4cfd233ab2,/scratch/users/ghoshavr/eoss/results/NEURAL_NETWORK_RESULTS_20260905/07_FIXED_FRAME_BIMODALITY/checkpoint_snapshot/cnn_silu_1c4cfd233ab2/latest_resume.pt,/scratch/users/ghoshavr/eoss/results/marc_moment_campaign_20260905/vision/cnn_silu/eta0.08/seed88883/B4096/latest_resume.pt,,,source_exists_unverified
cnn_silu_42c7e4794088,/scratch/users/ghoshavr/eoss/results/NEURAL_NETWORK_RESULTS_20260905/07_FIXED_FRAME_BIMODALITY/checkpoint_snapshot/cnn_silu_42c7e4794088/latest_resume.pt,/scratch/users/ghoshavr/eoss/results/marc_moment_campaign_20260905/vision/cnn_silu/eta0.08/seed88883/B512/latest_resume.pt,e8a9ca065f0998798fd88af9b0623c76125a9f55218c8ccfe17678ae591d9336,e8a9ca065f0998798fd88af9b0623c76125a9f55218c8ccfe17678ae591d9336,exact_hash_match
cnn_silu_4fd22acadb41,/scratch/users/ghoshavr/eoss/results/NEURAL_NETWORK_RESULTS_20260905/07_FIXED_FRAME_BIMODALITY/checkpoint_snapshot/cnn_silu_4fd22acadb41/latest_resume.pt,/scratch/users/ghoshavr/eoss/results/marc_moment_campaign_20260905/vision/cnn_silu/eta0.08/seed88883/B8/latest_resume.pt,78f3d04839f72acbe4bf55b181b4ce1a6f49214dfd1901899c72382ed224f498,78f3d04839f72acbe4bf55b181b4ce1a6f49214dfd1901899c72382ed224f498,exact_hash_match
cnn_silu_1ad24d83c92d,/scratch/users/ghoshavr/eoss/results/NEURAL_NETWORK_RESULTS_20260905/07_FIXED_FRAME_BIMODALITY/checkpoint_snapshot/cnn_silu_1ad24d83c92d/checkpoints/ckpt_020000.pt,/scratch/users/ghoshavr/eoss/results/marc_moment_campaign_20260905/vision/cnn_silu/eta0.16/seed88881/B128/checkpoints/ckpt_020000.pt,16ca35c4089d738d59827a53d32c53780654bcc53d7d8e79d98d2fb745f7599b,16ca35c4089d738d59827a53d32c53780654bcc53d7d8e79d98d2fb745f7599b,exact_hash_match
cnn_silu_a696c00c6b6a,/scratch/users/ghoshavr/eoss/results/NEURAL_NETWORK_RESULTS_20260905/07_FIXED_FRAME_BIMODALITY/checkpoint_snapshot/cnn_silu_a696c00c6b6a/checkpoints/ckpt_020000.pt,/scratch/users/ghoshavr/eoss/results/marc_moment_campaign_20260905/vision/cnn_silu/eta0.16/seed88881/B2048/checkpoints/ckpt_020000.pt,0f9820383261c95c129ea9bbdd1dde0921170ecf55b45673e6777e4db69e47b1,0f9820383261c95c129ea9bbdd1dde0921170ecf55b45673e6777e4db69e47b1,exact_hash_match
cnn_silu_cac336c59e47,/scratch/users/ghoshavr/eoss/results/NEURAL_NETWORK_RESULTS_20260905/07_FIXED_FRAME_BIMODALITY/checkpoint_snapshot/cnn_silu_cac336c59e47/checkpoints/ckpt_020000.pt,/scratch/users/ghoshavr/eoss/results/marc_moment_campaign_20260905/vision/cnn_silu/eta0.16/seed88881/B32/checkpoints/ckpt_020000.pt,146c349d5b7e89ea575ae7dee0386ba11d39159de15fd0b732eb0974d504ebab,146c349d5b7e89ea575ae7dee0386ba11d39159de15fd0b732eb0974d504ebab,exact_hash_match
cnn_silu_ee3e89133d1a,/scratch/users/ghoshavr/eoss/results/NEURAL_NETWORK_RESULTS_20260905/07_FIXED_FRAME_BIMODALITY/checkpoint_snapshot/cnn_silu_ee3e89133d1a/latest_resume.pt,/scratch/users/ghoshavr/eoss/results/marc_moment_campaign_20260905/vision/cnn_silu/eta0.16/seed88881/B4096/latest_resume.pt,49039a1a1f343b62e6eae22e7f5abc3f47c25c4183e974e85c23267d3490833f,49039a1a1f343b62e6eae22e7f5abc3f47c25c4183e974e85c23267d3490833f,exact_hash_match
cnn_silu_c831ede6ec52,/scratch/users/ghoshavr/eoss/results/NEURAL_NETWORK_RESULTS_20260905/07_FIXED_FRAME_BIMODALITY/checkpoint_snapshot/cnn_silu_c831ede6ec52/checkpoints/ckpt_020000.pt,/scratch/users/ghoshavr/eoss/results/marc_moment_campaign_20260905/vision/cnn_silu/eta0.16/seed88881/B512/checkpoints/ckpt_020000.pt,5c7bbc7258444996fe1c9fdc6c5d59e959255dfcecf3ceacbf851e9eb5f707e7,5c7bbc7258444996fe1c9fdc6c5d59e959255dfcecf3ceacbf851e9eb5f707e7,exact_hash_match
cnn_silu_895b6b029916,/scratch/users/ghoshavr/eoss/results/NEURAL_NETWORK_RESULTS_20260905/07_FIXED_FRAME_BIMODALITY/checkpoint_snapshot/cnn_silu_895b6b029916/checkpoints/ckpt_020000.pt,/scratch/users/ghoshavr/eoss/results/marc_moment_campaign_20260905/vision/cnn_silu/eta0.16/seed88881/B8/checkpoints/ckpt_020000.pt,d6dca9afeaecf8bd446cfc99d120b4b6946585087228efd135bc85bc138e57c6,d6dca9afeaecf8bd446cfc99d120b4b6946585087228efd135bc85bc138e57c6,exact_hash_match
cnn_silu_a4c8552a2d1b,/scratch/users/ghoshavr/eoss/results/NEURAL_NETWORK_RESULTS_20260905/07_FIXED_FRAME_BIMODALITY/checkpoint_snapshot/cnn_silu_a4c8552a2d1b/latest_resume.pt,/scratch/users/ghoshavr/eoss/results/marc_moment_campaign_20260905/vision/cnn_silu/eta0.16/seed88882/B128/latest_resume.pt,edad50059afbd945aed24055ec17554d7b4fdcf30973efce96a647d55aff245f,edad50059afbd945aed24055ec17554d7b4fdcf30973efce96a647d55aff245f,exact_hash_match
cnn_silu_6b566ffe2340,/scratch/users/ghoshavr/eoss/results/NEURAL_NETWORK_RESULTS_20260905/07_FIXED_FRAME_BIMODALITY/checkpoint_snapshot/cnn_silu_6b566ffe2340/latest_resume.pt,/scratch/users/ghoshavr/eoss/results/marc_moment_campaign_20260905/vision/cnn_silu/eta0.16/seed88882/B2048/latest_resume.pt,5d58df5e0d5ca167d213a3ae997653657120d9a904ead626bd6e7912a1952bb1,5d58df5e0d5ca167d213a3ae997653657120d9a904ead626bd6e7912a1952bb1,exact_hash_match
cnn_silu_b3a6108f694a,/scratch/users/ghoshavr/eoss/results/NEURAL_NETWORK_RESULTS_20260905/07_FIXED_FRAME_BIMODALITY/checkpoint_snapshot/cnn_silu_b3a6108f694a/latest_resume.pt,/scratch/users/ghoshavr/eoss/results/marc_moment_campaign_20260905/vision/cnn_silu/eta0.16/seed88882/B32/latest_resume.pt,f79f01e232063e0ef25269ac0d317142954b746adcefba79fcb2a8bb90811373,f79f01e232063e0ef25269ac0d317142954b746adcefba79fcb2a8bb90811373,exact_hash_match
cnn_silu_7af8f0d5ae5b,/scratch/users/ghoshavr/eoss/results/NEURAL_NETWORK_RESULTS_20260905/07_FIXED_FRAME_BIMODALITY/checkpoint_snapshot/cnn_silu_7af8f0d5ae5b/latest_resume.pt,/scratch/users/ghoshavr/eoss/results/marc_moment_campaign_20260905/vision/cnn_silu/eta0.16/seed88882/B4096/latest_resume.pt,,,source_exists_unverified
cnn_silu_ff9ce158081f,/scratch/users/ghoshavr/eoss/results/NEURAL_NETWORK_RESULTS_20260905/07_FIXED_FRAME_BIMODALITY/checkpoint_snapshot/cnn_silu_ff9ce158081f/latest_resume.pt,/scratch/users/ghoshavr/eoss/results/marc_moment_campaign_20260905/vision/cnn_silu/eta0.16/seed88882/B512/latest_resume.pt,c82019b31325bb8be3fa729f8d09e843cb375a73577a6014e2e666e71d9120cb,c82019b31325bb8be3fa729f8d09e843cb375a73577a6014e2e666e71d9120cb,exact_hash_match
cnn_silu_370d15b6c227,/scratch/users/ghoshavr/eoss/results/NEURAL_NETWORK_RESULTS_20260905/07_FIXED_FRAME_BIMODALITY/checkpoint_snapshot/cnn_silu_370d15b6c227/latest_resume.pt,/scratch/users/ghoshavr/eoss/results/marc_moment_campaign_20260905/vision/cnn_silu/eta0.16/seed88882/B8/latest_resume.pt,ff2d45ace4489016e5d668f03d48f2f555b8552dabdd4f3a45ce2e1bdb8d8e3b,ff2d45ace4489016e5d668f03d48f2f555b8552dabdd4f3a45ce2e1bdb8d8e3b,exact_hash_match
cnn_silu_bf51aafdee41,/scratch/users/ghoshavr/eoss/results/NEURAL_NETWORK_RESULTS_20260905/07_FIXED_FRAME_BIMODALITY/checkpoint_snapshot/cnn_silu_bf51aafdee41/latest_resume.pt,/scratch/users/ghoshavr/eoss/results/marc_moment_campaign_20260905/vision/cnn_silu/eta0.16/seed88883/B128/latest_resume.pt,521ad9dabb2633d85896591cf4c48cd662a217961aa7a51bba74b5b2889c8c24,521ad9dabb2633d85896591cf4c48cd662a217961aa7a51bba74b5b2889c8c24,exact_hash_match
cnn_silu_51dbe83a35b1,/scratch/users/ghoshavr/eoss/results/NEURAL_NETWORK_RESULTS_20260905/07_FIXED_FRAME_BIMODALITY/checkpoint_snapshot/cnn_silu_51dbe83a35b1/latest_resume.pt,/scratch/users/ghoshavr/eoss/results/marc_moment_campaign_20260905/vision/cnn_silu/eta0.16/seed88883/B2048/latest_resume.pt,9262c464392d90e33f12f43d392b02c9fc30573e598c444a75e32ccab8d6e245,9262c464392d90e33f12f43d392b02c9fc30573e598c444a75e32ccab8d6e245,exact_hash_match
cnn_silu_6a5f09e375f1,/scratch/users/ghoshavr/eoss/results/NEURAL_NETWORK_RESULTS_20260905/07_FIXED_FRAME_BIMODALITY/checkpoint_snapshot/cnn_silu_6a5f09e375f1/latest_resume.pt,/scratch/users/ghoshavr/eoss/results/marc_moment_campaign_20260905/vision/cnn_silu/eta0.16/seed88883/B32/latest_resume.pt,0b5f914c5bf7b424012b86a02ebfbf31ef46c7017441c8e77b8cbe462dad9a87,0b5f914c5bf7b424012b86a02ebfbf31ef46c7017441c8e77b8cbe462dad9a87,exact_hash_match
cnn_silu_93366ef7e936,/scratch/users/ghoshavr/eoss/results/NEURAL_NETWORK_RESULTS_20260905/07_FIXED_FRAME_BIMODALITY/checkpoint_snapshot/cnn_silu_93366ef7e936/latest_resume.pt,/scratch/users/ghoshavr/eoss/results/marc_moment_campaign_20260905/vision/cnn_silu/eta0.16/seed88883/B4096/latest_resume.pt,,,source_exists_unverified
cnn_silu_51b94007496e,/scratch/users/ghoshavr/eoss/results/NEURAL_NETWORK_RESULTS_20260905/07_FIXED_FRAME_BIMODALITY/checkpoint_snapshot/cnn_silu_51b94007496e/latest_resume.pt,/scratch/users/ghoshavr/eoss/results/marc_moment_campaign_20260905/vision/cnn_silu/eta0.16/seed88883/B512/latest_resume.pt,196b4cbb92e3b9d4ba76ab83d0499e51be2aadbc38d2e66095981907d33fd3db,196b4cbb92e3b9d4ba76ab83d0499e51be2aadbc38d2e66095981907d33fd3db,exact_hash_match
cnn_silu_b8985cb68309,/scratch/users/ghoshavr/eoss/results/NEURAL_NETWORK_RESULTS_20260905/07_FIXED_FRAME_BIMODALITY/checkpoint_snapshot/cnn_silu_b8985cb68309/latest_resume.pt,/scratch/users/ghoshavr/eoss/results/marc_moment_campaign_20260905/vision/cnn_silu/eta0.16/seed88883/B8/latest_resume.pt,bbdf012794abb3d9907361cbc30ee94fdb4f22e6c48feb51d7899ac43c201f3e,bbdf012794abb3d9907361cbc30ee94fdb4f22e6c48feb51d7899ac43c201f3e,exact_hash_match
mlp_silu_692fcd2b5afc,/scratch/users/ghoshavr/eoss/results/NEURAL_NETWORK_RESULTS_20260905/07_FIXED_FRAME_BIMODALITY/checkpoint_snapshot/mlp_silu_692fcd2b5afc/checkpoints/ckpt_020000.pt,/scratch/users/ghoshavr/eoss/results/marc_moment_campaign_20260905/vision/mlp_silu/eta0.01/seed88881/B128/checkpoints/ckpt_020000.pt,6bc8dae0803b928e9b521319c36a644e531c1c324c1f62fd38c359f599021831,6bc8dae0803b928e9b521319c36a644e531c1c324c1f62fd38c359f599021831,exact_hash_match
mlp_silu_4f943b7bffca,/scratch/users/ghoshavr/eoss/results/NEURAL_NETWORK_RESULTS_20260905/07_FIXED_FRAME_BIMODALITY/checkpoint_snapshot/mlp_silu_4f943b7bffca/checkpoints/ckpt_020000.pt,/scratch/users/ghoshavr/eoss/results/marc_moment_campaign_20260905/vision/mlp_silu/eta0.01/seed88881/B2048/checkpoints/ckpt_020000.pt,af5e7b341eddf68276075653a31f9f8cbe743c5d9e68bceb0a34469978f3e240,af5e7b341eddf68276075653a31f9f8cbe743c5d9e68bceb0a34469978f3e240,exact_hash_match
mlp_silu_85829bc177f2,/scratch/users/ghoshavr/eoss/results/NEURAL_NETWORK_RESULTS_20260905/07_FIXED_FRAME_BIMODALITY/checkpoint_snapshot/mlp_silu_85829bc177f2/checkpoints/ckpt_020000.pt,/scratch/users/ghoshavr/eoss/results/marc_moment_campaign_20260905/vision/mlp_silu/eta0.01/seed88881/B32/checkpoints/ckpt_020000.pt,ca92f637babc22eabe94363bde5edf5c766f91b910bb75c9a7ad544eacbd53e5,ca92f637babc22eabe94363bde5edf5c766f91b910bb75c9a7ad544eacbd53e5,exact_hash_match
mlp_silu_b4f3fc9b54e3,/scratch/users/ghoshavr/eoss/results/NEURAL_NETWORK_RESULTS_20260905/07_FIXED_FRAME_BIMODALITY/checkpoint_snapshot/mlp_silu_b4f3fc9b54e3/checkpoints/ckpt_020000.pt,/scratch/users/ghoshavr/eoss/results/marc_moment_campaign_20260905/vision/mlp_silu/eta0.01/seed88881/B4096/checkpoints/ckpt_020000.pt,547a311f8f9b0ad085715af6ddb6f5eb2472aa459470cd791d34ac9690374f79,547a311f8f9b0ad085715af6ddb6f5eb2472aa459470cd791d34ac9690374f79,exact_hash_match
mlp_silu_e10d605decbd,/scratch/users/ghoshavr/eoss/results/NEURAL_NETWORK_RESULTS_20260905/07_FIXED_FRAME_BIMODALITY/checkpoint_snapshot/mlp_silu_e10d605decbd/checkpoints/ckpt_020000.pt,/scratch/users/ghoshavr/eoss/results/marc_moment_campaign_20260905/vision/mlp_silu/eta0.01/seed88881/B512/checkpoints/ckpt_020000.pt,9bcdbdf90dfbb8278dcfb85ea4beb7c9ce6f0a6391eadc1259539fcccbf5ce0e,9bcdbdf90dfbb8278dcfb85ea4beb7c9ce6f0a6391eadc1259539fcccbf5ce0e,exact_hash_match
mlp_silu_8b0443e579be,/scratch/users/ghoshavr/eoss/results/NEURAL_NETWORK_RESULTS_20260905/07_FIXED_FRAME_BIMODALITY/checkpoint_snapshot/mlp_silu_8b0443e579be/checkpoints/ckpt_020000.pt,/scratch/users/ghoshavr/eoss/results/marc_moment_campaign_20260905/vision/mlp_silu/eta0.01/seed88881/B8/checkpoints/ckpt_020000.pt,004c91ee084603be39efa406ec3875a1e297f1d3842895ef66beaacfab9e0542,004c91ee084603be39efa406ec3875a1e297f1d3842895ef66beaacfab9e0542,exact_hash_match
mlp_silu_74e3486e71b3,/scratch/users/ghoshavr/eoss/results/NEURAL_NETWORK_RESULTS_20260905/07_FIXED_FRAME_BIMODALITY/checkpoint_snapshot/mlp_silu_74e3486e71b3/latest_resume.pt,/scratch/users/ghoshavr/eoss/results/marc_moment_campaign_20260905/vision/mlp_silu/eta0.01/seed88882/B128/latest_resume.pt,fac74cf61e54d255eaf04ef7bbeb15337549c097b01cd7f349922e35cda09c57,fac74cf61e54d255eaf04ef7bbeb15337549c097b01cd7f349922e35cda09c57,exact_hash_match
mlp_silu_f835de26d340,/scratch/users/ghoshavr/eoss/results/NEURAL_NETWORK_RESULTS_20260905/07_FIXED_FRAME_BIMODALITY/checkpoint_snapshot/mlp_silu_f835de26d340/latest_resume.pt,/scratch/users/ghoshavr/eoss/results/marc_moment_campaign_20260905/vision/mlp_silu/eta0.01/seed88882/B2048/latest_resume.pt,e1a34a0ba5ba9ffef2e6ee73d16a5a93dd774b907f2c481755ebddd190c68188,e1a34a0ba5ba9ffef2e6ee73d16a5a93dd774b907f2c481755ebddd190c68188,exact_hash_match
mlp_silu_d707c66f8e4d,/scratch/users/ghoshavr/eoss/results/NEURAL_NETWORK_RESULTS_20260905/07_FIXED_FRAME_BIMODALITY/checkpoint_snapshot/mlp_silu_d707c66f8e4d/latest_resume.pt,/scratch/users/ghoshavr/eoss/results/marc_moment_campaign_20260905/vision/mlp_silu/eta0.01/seed88882/B32/latest_resume.pt,fdd39112ad1766553779fc33797b2b802f416ca3dc4a46a313cebe9e075dfeee,fdd39112ad1766553779fc33797b2b802f416ca3dc4a46a313cebe9e075dfeee,exact_hash_match
mlp_silu_271399099c90,/scratch/users/ghoshavr/eoss/results/NEURAL_NETWORK_RESULTS_20260905/07_FIXED_FRAME_BIMODALITY/checkpoint_snapshot/mlp_silu_271399099c90/latest_resume.pt,/scratch/users/ghoshavr/eoss/results/marc_moment_campaign_20260905/vision/mlp_silu/eta0.01/seed88882/B4096/latest_resume.pt,1ec77a290ac6cce5c0f37e585cdab3a45a6400c794e823d8b80b40f8774dc358,1ec77a290ac6cce5c0f37e585cdab3a45a6400c794e823d8b80b40f8774dc358,exact_hash_match
mlp_silu_e92c199552ec,/scratch/users/ghoshavr/eoss/results/NEURAL_NETWORK_RESULTS_20260905/07_FIXED_FRAME_BIMODALITY/checkpoint_snapshot/mlp_silu_e92c199552ec/latest_resume.pt,/scratch/users/ghoshavr/eoss/results/marc_moment_campaign_20260905/vision/mlp_silu/eta0.01/seed88882/B512/latest_resume.pt,66aeae681290c0d6f36c01097da74659375024decfdc52622d2432f29db17584,66aeae681290c0d6f36c01097da74659375024decfdc52622d2432f29db17584,exact_hash_match
mlp_silu_819cd9a6fc5e,/scratch/users/ghoshavr/eoss/results/NEURAL_NETWORK_RESULTS_20260905/07_FIXED_FRAME_BIMODALITY/checkpoint_snapshot/mlp_silu_819cd9a6fc5e/latest_resume.pt,/scratch/users/ghoshavr/eoss/results/marc_moment_campaign_20260905/vision/mlp_silu/eta0.01/seed88882/B8/latest_resume.pt,eacb09925cc213f566ee5ac28706e445202e56a8fa67db8fda665f4459232ff7,eacb09925cc213f566ee5ac28706e445202e56a8fa67db8fda665f4459232ff7,exact_hash_match
mlp_silu_d9f9b1aba79c,/scratch/users/ghoshavr/eoss/results/NEURAL_NETWORK_RESULTS_20260905/07_FIXED_FRAME_BIMODALITY/checkpoint_snapshot/mlp_silu_d9f9b1aba79c/latest_resume.pt,/scratch/users/ghoshavr/eoss/results/marc_moment_campaign_20260905/vision/mlp_silu/eta0.01/seed88883/B128/latest_resume.pt,c9c299969801a56ee0be41a3ecb14b63527f8d22ef3420232b61518182d15967,c9c299969801a56ee0be41a3ecb14b63527f8d22ef3420232b61518182d15967,exact_hash_match
mlp_silu_6e8e38d96650,/scratch/users/ghoshavr/eoss/results/NEURAL_NETWORK_RESULTS_20260905/07_FIXED_FRAME_BIMODALITY/checkpoint_snapshot/mlp_silu_6e8e38d96650/latest_resume.pt,/scratch/users/ghoshavr/eoss/results/marc_moment_campaign_20260905/vision/mlp_silu/eta0.01/seed88883/B2048/latest_resume.pt,85f5119ff61b42c71d9e8a0c8f8a0d83ba494ae6288a229f388fbf10cb8827de,85f5119ff61b42c71d9e8a0c8f8a0d83ba494ae6288a229f388fbf10cb8827de,exact_hash_match
mlp_silu_4ece1aca1f41,/scratch/users/ghoshavr/eoss/results/NEURAL_NETWORK_RESULTS_20260905/07_FIXED_FRAME_BIMODALITY/checkpoint_snapshot/mlp_silu_4ece1aca1f41/latest_resume.pt,/scratch/users/ghoshavr/eoss/results/marc_moment_campaign_20260905/vision/mlp_silu/eta0.01/seed88883/B32/latest_resume.pt,86c5ad428774bf8c11600a92f95949b4718040ecc90850752ed14ca7cc12f97c,86c5ad428774bf8c11600a92f95949b4718040ecc90850752ed14ca7cc12f97c,exact_hash_match
mlp_silu_4b1de1e8b4c3,/scratch/users/ghoshavr/eoss/results/NEURAL_NETWORK_RESULTS_20260905/07_FIXED_FRAME_BIMODALITY/checkpoint_snapshot/mlp_silu_4b1de1e8b4c3/latest_resume.pt,/scratch/users/ghoshavr/eoss/results/marc_moment_campaign_20260905/vision/mlp_silu/eta0.01/seed88883/B4096/latest_resume.pt,6051cc7c40bd8f408bde3b394c08d3ee67ca82f483f27ae46110fb13dbe78a07,6051cc7c40bd8f408bde3b394c08d3ee67ca82f483f27ae46110fb13dbe78a07,exact_hash_match
mlp_silu_d11843fcca48,/scratch/users/ghoshavr/eoss/results/NEURAL_NETWORK_RESULTS_20260905/07_FIXED_FRAME_BIMODALITY/checkpoint_snapshot/mlp_silu_d11843fcca48/latest_resume.pt,/scratch/users/ghoshavr/eoss/results/marc_moment_campaign_20260905/vision/mlp_silu/eta0.01/seed88883/B512/latest_resume.pt,cc4d3d5bd7b876b18fea70b25f8ff7e8ac963b8be90513b0f08f18159e8d855e,cc4d3d5bd7b876b18fea70b25f8ff7e8ac963b8be90513b0f08f18159e8d855e,exact_hash_match
mlp_silu_d78cb912d88a,/scratch/users/ghoshavr/eoss/results/NEURAL_NETWORK_RESULTS_20260905/07_FIXED_FRAME_BIMODALITY/checkpoint_snapshot/mlp_silu_d78cb912d88a/latest_resume.pt,/scratch/users/ghoshavr/eoss/results/marc_moment_campaign_20260905/vision/mlp_silu/eta0.01/seed88883/B8/latest_resume.pt,fcdc8db38b08ddfa9f1fe9a297bf6b9bde138a38a96a9d211828eb4917e93a10,fcdc8db38b08ddfa9f1fe9a297bf6b9bde138a38a96a9d211828eb4917e93a10,exact_hash_match
mlp_silu_70239794746e,/scratch/users/ghoshavr/eoss/results/NEURAL_NETWORK_RESULTS_20260905/07_FIXED_FRAME_BIMODALITY/checkpoint_snapshot/mlp_silu_70239794746e/checkpoints/ckpt_020000.pt,/scratch/users/ghoshavr/eoss/results/marc_moment_campaign_20260905/vision/mlp_silu/eta0.02/seed88881/B128/checkpoints/ckpt_020000.pt,6de35d2b4427e027c46b159e2e2674b6cbf4aa71693f4bd8ffbc07bd96444f3d,6de35d2b4427e027c46b159e2e2674b6cbf4aa71693f4bd8ffbc07bd96444f3d,exact_hash_match
mlp_silu_b9fb2097fa79,/scratch/users/ghoshavr/eoss/results/NEURAL_NETWORK_RESULTS_20260905/07_FIXED_FRAME_BIMODALITY/checkpoint_snapshot/mlp_silu_b9fb2097fa79/checkpoints/ckpt_020000.pt,/scratch/users/ghoshavr/eoss/results/marc_moment_campaign_20260905/vision/mlp_silu/eta0.02/seed88881/B2048/checkpoints/ckpt_020000.pt,e569e991807a98be8933a237da5b4925810efb0b3e0f67e25362a29527dd86fc,e569e991807a98be8933a237da5b4925810efb0b3e0f67e25362a29527dd86fc,exact_hash_match
mlp_silu_588df08ed37e,/scratch/users/ghoshavr/eoss/results/NEURAL_NETWORK_RESULTS_20260905/07_FIXED_FRAME_BIMODALITY/checkpoint_snapshot/mlp_silu_588df08ed37e/checkpoints/ckpt_020000.pt,/scratch/users/ghoshavr/eoss/results/marc_moment_campaign_20260905/vision/mlp_silu/eta0.02/seed88881/B32/checkpoints/ckpt_020000.pt,a500a27cb9d3b2cbbbfb3acbc6df6120293f41c09bcd384859dd253cf2f4033c,a500a27cb9d3b2cbbbfb3acbc6df6120293f41c09bcd384859dd253cf2f4033c,exact_hash_match
mlp_silu_b272486c1fbf,/scratch/users/ghoshavr/eoss/results/NEURAL_NETWORK_RESULTS_20260905/07_FIXED_FRAME_BIMODALITY/checkpoint_snapshot/mlp_silu_b272486c1fbf/checkpoints/ckpt_020000.pt,/scratch/users/ghoshavr/eoss/results/marc_moment_campaign_20260905/vision/mlp_silu/eta0.02/seed88881/B4096/checkpoints/ckpt_020000.pt,956ed72a9f8efd6dfa7bede8b2a3c784cbef051d68c65e2f749d8aa9329c7879,956ed72a9f8efd6dfa7bede8b2a3c784cbef051d68c65e2f749d8aa9329c7879,exact_hash_match
mlp_silu_eb41653daa22,/scratch/users/ghoshavr/eoss/results/NEURAL_NETWORK_RESULTS_20260905/07_FIXED_FRAME_BIMODALITY/checkpoint_snapshot/mlp_silu_eb41653daa22/checkpoints/ckpt_020000.pt,/scratch/users/ghoshavr/eoss/results/marc_moment_campaign_20260905/vision/mlp_silu/eta0.02/seed88881/B512/checkpoints/ckpt_020000.pt,186f3801d5439807f4ef2496dbada1a54df389eac172bb5353f969943df28683,186f3801d5439807f4ef2496dbada1a54df389eac172bb5353f969943df28683,exact_hash_match
mlp_silu_f54ab8e9d194,/scratch/users/ghoshavr/eoss/results/NEURAL_NETWORK_RESULTS_20260905/07_FIXED_FRAME_BIMODALITY/checkpoint_snapshot/mlp_silu_f54ab8e9d194/checkpoints/ckpt_020000.pt,/scratch/users/ghoshavr/eoss/results/marc_moment_campaign_20260905/vision/mlp_silu/eta0.02/seed88881/B8/checkpoints/ckpt_020000.pt,482a59283f932c35469ff141f164ec34667a8e812003154cf54eaea33a40b189,482a59283f932c35469ff141f164ec34667a8e812003154cf54eaea33a40b189,exact_hash_match
mlp_silu_c2233c28496d,/scratch/users/ghoshavr/eoss/results/NEURAL_NETWORK_RESULTS_20260905/07_FIXED_FRAME_BIMODALITY/checkpoint_snapshot/mlp_silu_c2233c28496d/checkpoints/ckpt_020000.pt,/scratch/users/ghoshavr/eoss/results/marc_moment_campaign_20260905/vision/mlp_silu/eta0.02/seed88882/B128/checkpoints/ckpt_020000.pt,5841f1c760cf0df8a8ff6440f893c8b6890f378364d277d15427e75df08039b6,5841f1c760cf0df8a8ff6440f893c8b6890f378364d277d15427e75df08039b6,exact_hash_match
mlp_silu_f12c1fd39d74,/scratch/users/ghoshavr/eoss/results/NEURAL_NETWORK_RESULTS_20260905/07_FIXED_FRAME_BIMODALITY/checkpoint_snapshot/mlp_silu_f12c1fd39d74/checkpoints/ckpt_020000.pt,/scratch/users/ghoshavr/eoss/results/marc_moment_campaign_20260905/vision/mlp_silu/eta0.02/seed88882/B2048/checkpoints/ckpt_020000.pt,9b27f5ecd43e5f5f04995b746e10e029d92a41a2d33e9999de8f269c21633b65,9b27f5ecd43e5f5f04995b746e10e029d92a41a2d33e9999de8f269c21633b65,exact_hash_match
mlp_silu_82d013a770b0,/scratch/users/ghoshavr/eoss/results/NEURAL_NETWORK_RESULTS_20260905/07_FIXED_FRAME_BIMODALITY/checkpoint_snapshot/mlp_silu_82d013a770b0/checkpoints/ckpt_020000.pt,/scratch/users/ghoshavr/eoss/results/marc_moment_campaign_20260905/vision/mlp_silu/eta0.02/seed88882/B32/checkpoints/ckpt_020000.pt,912e81c2fb75cb06919f77ebaa4c4cd6b45091b6570834f640f2a66c4bcf24ae,912e81c2fb75cb06919f77ebaa4c4cd6b45091b6570834f640f2a66c4bcf24ae,exact_hash_match
mlp_silu_f3d267a068fe,/scratch/users/ghoshavr/eoss/results/NEURAL_NETWORK_RESULTS_20260905/07_FIXED_FRAME_BIMODALITY/checkpoint_snapshot/mlp_silu_f3d267a068fe/latest_resume.pt,/scratch/users/ghoshavr/eoss/results/marc_moment_campaign_20260905/vision/mlp_silu/eta0.02/seed88882/B4096/latest_resume.pt,32936ea254ef3acec6f73ff66da5bccd25f1d3f17356d985dbce2f3305151962,32936ea254ef3acec6f73ff66da5bccd25f1d3f17356d985dbce2f3305151962,exact_hash_match
mlp_silu_306e9da591cd,/scratch/users/ghoshavr/eoss/results/NEURAL_NETWORK_RESULTS_20260905/07_FIXED_FRAME_BIMODALITY/checkpoint_snapshot/mlp_silu_306e9da591cd/checkpoints/ckpt_020000.pt,/scratch/users/ghoshavr/eoss/results/marc_moment_campaign_20260905/vision/mlp_silu/eta0.02/seed88882/B512/checkpoints/ckpt_020000.pt,1657571ace031f7d9d68e74cd49847e0a214c872b5967d451fc1a9d9d3697b77,1657571ace031f7d9d68e74cd49847e0a214c872b5967d451fc1a9d9d3697b77,exact_hash_match
mlp_silu_7ab717f09f55,/scratch/users/ghoshavr/eoss/results/NEURAL_NETWORK_RESULTS_20260905/07_FIXED_FRAME_BIMODALITY/checkpoint_snapshot/mlp_silu_7ab717f09f55/checkpoints/ckpt_020000.pt,/scratch/users/ghoshavr/eoss/results/marc_moment_campaign_20260905/vision/mlp_silu/eta0.02/seed88882/B8/checkpoints/ckpt_020000.pt,763f1cd92fe05b62d7cdebc2e3674c746670b35e64fe6597468cc94db848f17c,763f1cd92fe05b62d7cdebc2e3674c746670b35e64fe6597468cc94db848f17c,exact_hash_match
mlp_silu_bfb3fdf42137,/scratch/users/ghoshavr/eoss/results/NEURAL_NETWORK_RESULTS_20260905/07_FIXED_FRAME_BIMODALITY/checkpoint_snapshot/mlp_silu_bfb3fdf42137/checkpoints/ckpt_020000.pt,/scratch/users/ghoshavr/eoss/results/marc_moment_campaign_20260905/vision/mlp_silu/eta0.02/seed88883/B128/checkpoints/ckpt_020000.pt,00dba27de6a2d2aa7c98957a84ed756844d5bef6832c99e9e8338d42b3b0c559,00dba27de6a2d2aa7c98957a84ed756844d5bef6832c99e9e8338d42b3b0c559,exact_hash_match
mlp_silu_eece81e47b56,/scratch/users/ghoshavr/eoss/results/NEURAL_NETWORK_RESULTS_20260905/07_FIXED_FRAME_BIMODALITY/checkpoint_snapshot/mlp_silu_eece81e47b56/latest_resume.pt,/scratch/users/ghoshavr/eoss/results/marc_moment_campaign_20260905/vision/mlp_silu/eta0.02/seed88883/B2048/latest_resume.pt,be85226b674157e0fad27ebf3b0ce10618c1401c8ee5c6f45ba25efe34f63b56,be85226b674157e0fad27ebf3b0ce10618c1401c8ee5c6f45ba25efe34f63b56,exact_hash_match
mlp_silu_ded3374d260d,/scratch/users/ghoshavr/eoss/results/NEURAL_NETWORK_RESULTS_20260905/07_FIXED_FRAME_BIMODALITY/checkpoint_snapshot/mlp_silu_ded3374d260d/latest_resume.pt,/scratch/users/ghoshavr/eoss/results/marc_moment_campaign_20260905/vision/mlp_silu/eta0.02/seed88883/B32/latest_resume.pt,a1d223951303d379f4000e69a722ad59808152f07b3bc73e8501c9b8b293dc67,a1d223951303d379f4000e69a722ad59808152f07b3bc73e8501c9b8b293dc67,exact_hash_match
mlp_silu_c37394427a0f,/scratch/users/ghoshavr/eoss/results/NEURAL_NETWORK_RESULTS_20260905/07_FIXED_FRAME_BIMODALITY/checkpoint_snapshot/mlp_silu_c37394427a0f/latest_resume.pt,/scratch/users/ghoshavr/eoss/results/marc_moment_campaign_20260905/vision/mlp_silu/eta0.02/seed88883/B4096/latest_resume.pt,ade492c76a4ce7bd3ded028d128e98045c3e709a6512d2fed40ebe1b5d366db1,ade492c76a4ce7bd3ded028d128e98045c3e709a6512d2fed40ebe1b5d366db1,exact_hash_match
mlp_silu_7566b86cbc42,/scratch/users/ghoshavr/eoss/results/NEURAL_NETWORK_RESULTS_20260905/07_FIXED_FRAME_BIMODALITY/checkpoint_snapshot/mlp_silu_7566b86cbc42/latest_resume.pt,/scratch/users/ghoshavr/eoss/results/marc_moment_campaign_20260905/vision/mlp_silu/eta0.02/seed88883/B512/latest_resume.pt,604b135f6c1d1c8e664c1b6487d023b41e0babc2ab3e89905b525ca496c6e8be,604b135f6c1d1c8e664c1b6487d023b41e0babc2ab3e89905b525ca496c6e8be,exact_hash_match
mlp_silu_f620f7fce192,/scratch/users/ghoshavr/eoss/results/NEURAL_NETWORK_RESULTS_20260905/07_FIXED_FRAME_BIMODALITY/checkpoint_snapshot/mlp_silu_f620f7fce192/latest_resume.pt,/scratch/users/ghoshavr/eoss/results/marc_moment_campaign_20260905/vision/mlp_silu/eta0.02/seed88883/B8/latest_resume.pt,3247d5c0515fe88373cf767419da55689f4c58b2c930b06c93ace2dde02da869,3247d5c0515fe88373cf767419da55689f4c58b2c930b06c93ace2dde02da869,exact_hash_match
mlp_silu_a31757ceaa32,/scratch/users/ghoshavr/eoss/results/NEURAL_NETWORK_RESULTS_20260905/07_FIXED_FRAME_BIMODALITY/checkpoint_snapshot/mlp_silu_a31757ceaa32/checkpoints/ckpt_020000.pt,/scratch/users/ghoshavr/eoss/results/marc_moment_campaign_20260905/vision/mlp_silu/eta0.04/seed88881/B128/checkpoints/ckpt_020000.pt,b8c5a7ae3822fe2987b8aaa27b89d4a9bd41647e25c21e4171394009375cfddf,b8c5a7ae3822fe2987b8aaa27b89d4a9bd41647e25c21e4171394009375cfddf,exact_hash_match
mlp_silu_7f6f53fa7480,/scratch/users/ghoshavr/eoss/results/NEURAL_NETWORK_RESULTS_20260905/07_FIXED_FRAME_BIMODALITY/checkpoint_snapshot/mlp_silu_7f6f53fa7480/checkpoints/ckpt_020000.pt,/scratch/users/ghoshavr/eoss/results/marc_moment_campaign_20260905/vision/mlp_silu/eta0.04/seed88881/B2048/checkpoints/ckpt_020000.pt,8a750bd3b6931d3aaa725fed908dcb0ccec10ddf48fca0b0c5f516d2661af446,8a750bd3b6931d3aaa725fed908dcb0ccec10ddf48fca0b0c5f516d2661af446,exact_hash_match
mlp_silu_03cda8c09c95,/scratch/users/ghoshavr/eoss/results/NEURAL_NETWORK_RESULTS_20260905/07_FIXED_FRAME_BIMODALITY/checkpoint_snapshot/mlp_silu_03cda8c09c95/checkpoints/ckpt_020000.pt,/scratch/users/ghoshavr/eoss/results/marc_moment_campaign_20260905/vision/mlp_silu/eta0.04/seed88881/B32/checkpoints/ckpt_020000.pt,8357bf154f037b56aca3dbf492a047f307858db843260d6b5bb072b0b54d0a10,8357bf154f037b56aca3dbf492a047f307858db843260d6b5bb072b0b54d0a10,exact_hash_match
mlp_silu_7543b10a8cdf,/scratch/users/ghoshavr/eoss/results/NEURAL_NETWORK_RESULTS_20260905/07_FIXED_FRAME_BIMODALITY/checkpoint_snapshot/mlp_silu_7543b10a8cdf/checkpoints/ckpt_020000.pt,/scratch/users/ghoshavr/eoss/results/marc_moment_campaign_20260905/vision/mlp_silu/eta0.04/seed88881/B4096/checkpoints/ckpt_020000.pt,2215fb9b4da56840153e20c35e06d694d1a973bf543bb1b61b196ca5730e691d,2215fb9b4da56840153e20c35e06d694d1a973bf543bb1b61b196ca5730e691d,exact_hash_match
mlp_silu_a71e377474de,/scratch/users/ghoshavr/eoss/results/NEURAL_NETWORK_RESULTS_20260905/07_FIXED_FRAME_BIMODALITY/checkpoint_snapshot/mlp_silu_a71e377474de/checkpoints/ckpt_020000.pt,/scratch/users/ghoshavr/eoss/results/marc_moment_campaign_20260905/vision/mlp_silu/eta0.04/seed88881/B512/checkpoints/ckpt_020000.pt,5756d3877be78ba70207b52aee560da4d1f7176581f7b3c70091b98027f29dbe,5756d3877be78ba70207b52aee560da4d1f7176581f7b3c70091b98027f29dbe,exact_hash_match
mlp_silu_36a67dab4750,/scratch/users/ghoshavr/eoss/results/NEURAL_NETWORK_RESULTS_20260905/07_FIXED_FRAME_BIMODALITY/checkpoint_snapshot/mlp_silu_36a67dab4750/checkpoints/ckpt_020000.pt,/scratch/users/ghoshavr/eoss/results/marc_moment_campaign_20260905/vision/mlp_silu/eta0.04/seed88881/B8/checkpoints/ckpt_020000.pt,6d004aed988ecb932541797a4a6c233b366b6fb5bb4c8be6b74d513b3a5762a8,6d004aed988ecb932541797a4a6c233b366b6fb5bb4c8be6b74d513b3a5762a8,exact_hash_match
mlp_silu_e102f970d75a,/scratch/users/ghoshavr/eoss/results/NEURAL_NETWORK_RESULTS_20260905/07_FIXED_FRAME_BIMODALITY/checkpoint_snapshot/mlp_silu_e102f970d75a/latest_resume.pt,/scratch/users/ghoshavr/eoss/results/marc_moment_campaign_20260905/vision/mlp_silu/eta0.04/seed88882/B128/latest_resume.pt,9d13972c80017951960f49a81087f39cd02c8e050ad60e335553493c356dc827,9d13972c80017951960f49a81087f39cd02c8e050ad60e335553493c356dc827,exact_hash_match
mlp_silu_9c8f0b091f7a,/scratch/users/ghoshavr/eoss/results/NEURAL_NETWORK_RESULTS_20260905/07_FIXED_FRAME_BIMODALITY/checkpoint_snapshot/mlp_silu_9c8f0b091f7a/latest_resume.pt,/scratch/users/ghoshavr/eoss/results/marc_moment_campaign_20260905/vision/mlp_silu/eta0.04/seed88882/B2048/latest_resume.pt,bdac41d30cd9086c41d04e838b1741328c54a527611fcc97ae0aa9b3591627e5,bdac41d30cd9086c41d04e838b1741328c54a527611fcc97ae0aa9b3591627e5,exact_hash_match
mlp_silu_85d06bb8c0bc,/scratch/users/ghoshavr/eoss/results/NEURAL_NETWORK_RESULTS_20260905/07_FIXED_FRAME_BIMODALITY/checkpoint_snapshot/mlp_silu_85d06bb8c0bc/latest_resume.pt,/scratch/users/ghoshavr/eoss/results/marc_moment_campaign_20260905/vision/mlp_silu/eta0.04/seed88882/B32/latest_resume.pt,a2f728ec73be121d1966815d2cb5d19b6c06c6a270fc32a4bb9a699426eee24e,a2f728ec73be121d1966815d2cb5d19b6c06c6a270fc32a4bb9a699426eee24e,exact_hash_match
mlp_silu_b01e04d97c24,/scratch/users/ghoshavr/eoss/results/NEURAL_NETWORK_RESULTS_20260905/07_FIXED_FRAME_BIMODALITY/checkpoint_snapshot/mlp_silu_b01e04d97c24/latest_resume.pt,/scratch/users/ghoshavr/eoss/results/marc_moment_campaign_20260905/vision/mlp_silu/eta0.04/seed88882/B4096/latest_resume.pt,38913367ad977256c41e061dec5852154ffe8fa083146cc084dd767414f65366,38913367ad977256c41e061dec5852154ffe8fa083146cc084dd767414f65366,exact_hash_match
mlp_silu_ef02c46310cf,/scratch/users/ghoshavr/eoss/results/NEURAL_NETWORK_RESULTS_20260905/07_FIXED_FRAME_BIMODALITY/checkpoint_snapshot/mlp_silu_ef02c46310cf/latest_resume.pt,/scratch/users/ghoshavr/eoss/results/marc_moment_campaign_20260905/vision/mlp_silu/eta0.04/seed88882/B512/latest_resume.pt,47f755ed88c1b23822dc455b52d171a440e87e49a262267e79a9b4183d318d2e,47f755ed88c1b23822dc455b52d171a440e87e49a262267e79a9b4183d318d2e,exact_hash_match
mlp_silu_802c52ca280d,/scratch/users/ghoshavr/eoss/results/NEURAL_NETWORK_RESULTS_20260905/07_FIXED_FRAME_BIMODALITY/checkpoint_snapshot/mlp_silu_802c52ca280d/latest_resume.pt,/scratch/users/ghoshavr/eoss/results/marc_moment_campaign_20260905/vision/mlp_silu/eta0.04/seed88882/B8/latest_resume.pt,933664645375d90f766d9524734ddfed2a95e69b28e44bbbbf5aa25d77b4a92c,933664645375d90f766d9524734ddfed2a95e69b28e44bbbbf5aa25d77b4a92c,exact_hash_match
mlp_silu_6068ae95d8bc,/scratch/users/ghoshavr/eoss/results/NEURAL_NETWORK_RESULTS_20260905/07_FIXED_FRAME_BIMODALITY/checkpoint_snapshot/mlp_silu_6068ae95d8bc/latest_resume.pt,/scratch/users/ghoshavr/eoss/results/marc_moment_campaign_20260905/vision/mlp_silu/eta0.04/seed88883/B128/latest_resume.pt,967047f040223d01a22d7fe7c9be2bcb1b3bf0bf3e222d63fa033e7ef4464405,967047f040223d01a22d7fe7c9be2bcb1b3bf0bf3e222d63fa033e7ef4464405,exact_hash_match
mlp_silu_2a449aee2b24,/scratch/users/ghoshavr/eoss/results/NEURAL_NETWORK_RESULTS_20260905/07_FIXED_FRAME_BIMODALITY/checkpoint_snapshot/mlp_silu_2a449aee2b24/latest_resume.pt,/scratch/users/ghoshavr/eoss/results/marc_moment_campaign_20260905/vision/mlp_silu/eta0.04/seed88883/B2048/latest_resume.pt,eb99be870d38b85ae69a2dd7aee5edadc4c69723b700411ff4f3c0aea0faab09,eb99be870d38b85ae69a2dd7aee5edadc4c69723b700411ff4f3c0aea0faab09,exact_hash_match
mlp_silu_1ab940ce2223,/scratch/users/ghoshavr/eoss/results/NEURAL_NETWORK_RESULTS_20260905/07_FIXED_FRAME_BIMODALITY/checkpoint_snapshot/mlp_silu_1ab940ce2223/latest_resume.pt,/scratch/users/ghoshavr/eoss/results/marc_moment_campaign_20260905/vision/mlp_silu/eta0.04/seed88883/B32/latest_resume.pt,49cc83ed2eedc061189cb921373983dad9cd6343fe2248e3be38b60db7b5264d,49cc83ed2eedc061189cb921373983dad9cd6343fe2248e3be38b60db7b5264d,exact_hash_match
mlp_silu_25ac0f431f50,/scratch/users/ghoshavr/eoss/results/NEURAL_NETWORK_RESULTS_20260905/07_FIXED_FRAME_BIMODALITY/checkpoint_snapshot/mlp_silu_25ac0f431f50/latest_resume.pt,/scratch/users/ghoshavr/eoss/results/marc_moment_campaign_20260905/vision/mlp_silu/eta0.04/seed88883/B4096/latest_resume.pt,0622e012932e0991f7bf72fcca26ad112b7a909a9df35f6432e1f884d188ad70,0622e012932e0991f7bf72fcca26ad112b7a909a9df35f6432e1f884d188ad70,exact_hash_match
mlp_silu_7b5cd470d001,/scratch/users/ghoshavr/eoss/results/NEURAL_NETWORK_RESULTS_20260905/07_FIXED_FRAME_BIMODALITY/checkpoint_snapshot/mlp_silu_7b5cd470d001/latest_resume.pt,/scratch/users/ghoshavr/eoss/results/marc_moment_campaign_20260905/vision/mlp_silu/eta0.04/seed88883/B512/latest_resume.pt,c38ceec4e13827bc8dd67f7e6f6908e4488744bb8fd73a923663778d126001e5,c38ceec4e13827bc8dd67f7e6f6908e4488744bb8fd73a923663778d126001e5,exact_hash_match
mlp_silu_6353fb7afa52,/scratch/users/ghoshavr/eoss/results/NEURAL_NETWORK_RESULTS_20260905/07_FIXED_FRAME_BIMODALITY/checkpoint_snapshot/mlp_silu_6353fb7afa52/latest_resume.pt,/scratch/users/ghoshavr/eoss/results/marc_moment_campaign_20260905/vision/mlp_silu/eta0.04/seed88883/B8/latest_resume.pt,b0598364ba4dd29427b7b04de9b43f8b6fb64590a3c4ed5c05b958d8bfd4055a,b0598364ba4dd29427b7b04de9b43f8b6fb64590a3c4ed5c05b958d8bfd4055a,exact_hash_match
resnet32_a7427b0de391,/scratch/users/ghoshavr/eoss/results/NEURAL_NETWORK_RESULTS_20260905/07_FIXED_FRAME_BIMODALITY/checkpoint_snapshot/resnet32_a7427b0de391/latest_resume.pt,/scratch/users/ghoshavr/eoss/results/marc_moment_campaign_20260905/vision/resnet32/eta0.025/seed88881/B128/latest_resume.pt,,,source_exists_unverified
resnet32_c19835efed3c,/scratch/users/ghoshavr/eoss/results/NEURAL_NETWORK_RESULTS_20260905/07_FIXED_FRAME_BIMODALITY/checkpoint_snapshot/resnet32_c19835efed3c/latest_resume.pt,/scratch/users/ghoshavr/eoss/results/marc_moment_campaign_20260905/vision/resnet32/eta0.025/seed88881/B2048/latest_resume.pt,,,source_exists_unverified
resnet32_328f0786f27f,/scratch/users/ghoshavr/eoss/results/NEURAL_NETWORK_RESULTS_20260905/07_FIXED_FRAME_BIMODALITY/checkpoint_snapshot/resnet32_328f0786f27f/latest_resume.pt,/scratch/users/ghoshavr/eoss/results/marc_moment_campaign_20260905/vision/resnet32/eta0.025/seed88881/B32/latest_resume.pt,,,source_exists_unverified
resnet32_608cf97c2b57,/scratch/users/ghoshavr/eoss/results/NEURAL_NETWORK_RESULTS_20260905/07_FIXED_FRAME_BIMODALITY/checkpoint_snapshot/resnet32_608cf97c2b57/latest_resume.pt,/scratch/users/ghoshavr/eoss/results/marc_moment_campaign_20260905/vision/resnet32/eta0.025/seed88881/B4096/latest_resume.pt,,,source_exists_unverified
resnet32_2c21a3c1310c,/scratch/users/ghoshavr/eoss/results/NEURAL_NETWORK_RESULTS_20260905/07_FIXED_FRAME_BIMODALITY/checkpoint_snapshot/resnet32_2c21a3c1310c/latest_resume.pt,/scratch/users/ghoshavr/eoss/results/marc_moment_campaign_20260905/vision/resnet32/eta0.025/seed88881/B512/latest_resume.pt,,,source_exists_unverified
resnet32_b609f0cba3dd,/scratch/users/ghoshavr/eoss/results/NEURAL_NETWORK_RESULTS_20260905/07_FIXED_FRAME_BIMODALITY/checkpoint_snapshot/resnet32_b609f0cba3dd/latest_resume.pt,/scratch/users/ghoshavr/eoss/results/marc_moment_campaign_20260905/vision/resnet32/eta0.025/seed88881/B8/latest_resume.pt,,,source_exists_unverified
resnet32_ea5e1bce3016,/scratch/users/ghoshavr/eoss/results/NEURAL_NETWORK_RESULTS_20260905/07_FIXED_FRAME_BIMODALITY/checkpoint_snapshot/resnet32_ea5e1bce3016/latest_resume.pt,/scratch/users/ghoshavr/eoss/results/marc_moment_campaign_20260905/vision/resnet32/eta0.025/seed88882/B128/latest_resume.pt,,,source_exists_unverified
resnet32_c872b578f39e,/scratch/users/ghoshavr/eoss/results/NEURAL_NETWORK_RESULTS_20260905/07_FIXED_FRAME_BIMODALITY/checkpoint_snapshot/resnet32_c872b578f39e/latest_resume.pt,/scratch/users/ghoshavr/eoss/results/marc_moment_campaign_20260905/vision/resnet32/eta0.025/seed88882/B2048/latest_resume.pt,,,source_exists_unverified
resnet32_8b29f59d5606,/scratch/users/ghoshavr/eoss/results/NEURAL_NETWORK_RESULTS_20260905/07_FIXED_FRAME_BIMODALITY/checkpoint_snapshot/resnet32_8b29f59d5606/latest_resume.pt,/scratch/users/ghoshavr/eoss/results/marc_moment_campaign_20260905/vision/resnet32/eta0.025/seed88882/B32/latest_resume.pt,,,source_exists_unverified
resnet32_351d2b55ba3b,/scratch/users/ghoshavr/eoss/results/NEURAL_NETWORK_RESULTS_20260905/07_FIXED_FRAME_BIMODALITY/checkpoint_snapshot/resnet32_351d2b55ba3b/latest_resume.pt,/scratch/users/ghoshavr/eoss/results/marc_moment_campaign_20260905/vision/resnet32/eta0.025/seed88882/B4096/latest_resume.pt,,,source_exists_unverified
resnet32_fa67ebe3fdf2,/scratch/users/ghoshavr/eoss/results/NEURAL_NETWORK_RESULTS_20260905/07_FIXED_FRAME_BIMODALITY/checkpoint_snapshot/resnet32_fa67ebe3fdf2/latest_resume.pt,/scratch/users/ghoshavr/eoss/results/marc_moment_campaign_20260905/vision/resnet32/eta0.025/seed88882/B512/latest_resume.pt,,,source_exists_unverified
resnet32_4a5c52639414,/scratch/users/ghoshavr/eoss/results/NEURAL_NETWORK_RESULTS_20260905/07_FIXED_FRAME_BIMODALITY/checkpoint_snapshot/resnet32_4a5c52639414/latest_resume.pt,/scratch/users/ghoshavr/eoss/results/marc_moment_campaign_20260905/vision/resnet32/eta0.025/seed88882/B8/latest_resume.pt,,,source_exists_unverified
resnet32_2575b325996b,/scratch/users/ghoshavr/eoss/results/NEURAL_NETWORK_RESULTS_20260905/07_FIXED_FRAME_BIMODALITY/checkpoint_snapshot/resnet32_2575b325996b/latest_resume.pt,/scratch/users/ghoshavr/eoss/results/marc_moment_campaign_20260905/vision/resnet32/eta0.025/seed88883/B128/latest_resume.pt,,,source_exists_unverified
resnet32_076639dd7cd6,/scratch/users/ghoshavr/eoss/results/NEURAL_NETWORK_RESULTS_20260905/07_FIXED_FRAME_BIMODALITY/checkpoint_snapshot/resnet32_076639dd7cd6/latest_resume.pt,/scratch/users/ghoshavr/eoss/results/marc_moment_campaign_20260905/vision/resnet32/eta0.025/seed88883/B2048/latest_resume.pt,,,source_exists_unverified
resnet32_4723ed776118,/scratch/users/ghoshavr/eoss/results/NEURAL_NETWORK_RESULTS_20260905/07_FIXED_FRAME_BIMODALITY/checkpoint_snapshot/resnet32_4723ed776118/latest_resume.pt,/scratch/users/ghoshavr/eoss/results/marc_moment_campaign_20260905/vision/resnet32/eta0.025/seed88883/B32/latest_resume.pt,,,source_exists_unverified
resnet32_6a8e67715ffc,/scratch/users/ghoshavr/eoss/results/NEURAL_NETWORK_RESULTS_20260905/07_FIXED_FRAME_BIMODALITY/checkpoint_snapshot/resnet32_6a8e67715ffc/latest_resume.pt,/scratch/users/ghoshavr/eoss/results/marc_moment_campaign_20260905/vision/resnet32/eta0.025/seed88883/B4096/latest_resume.pt,,,source_exists_unverified
resnet32_ccce3ab5b8be,/scratch/users/ghoshavr/eoss/results/NEURAL_NETWORK_RESULTS_20260905/07_FIXED_FRAME_BIMODALITY/checkpoint_snapshot/resnet32_ccce3ab5b8be/latest_resume.pt,/scratch/users/ghoshavr/eoss/results/marc_moment_campaign_20260905/vision/resnet32/eta0.025/seed88883/B512/latest_resume.pt,,,source_exists_unverified
resnet32_3879f81fa9ca,/scratch/users/ghoshavr/eoss/results/NEURAL_NETWORK_RESULTS_20260905/07_FIXED_FRAME_BIMODALITY/checkpoint_snapshot/resnet32_3879f81fa9ca/latest_resume.pt,/scratch/users/ghoshavr/eoss/results/marc_moment_campaign_20260905/vision/resnet32/eta0.025/seed88883/B8/latest_resume.pt,,,source_exists_unverified
resnet32_81b64fef5540,/scratch/users/ghoshavr/eoss/results/NEURAL_NETWORK_RESULTS_20260905/07_FIXED_FRAME_BIMODALITY/checkpoint_snapshot/resnet32_81b64fef5540/checkpoints/ckpt_020000.pt,/scratch/users/ghoshavr/eoss/results/marc_moment_campaign_20260905/vision/resnet32/eta0.05/seed88881/B128/checkpoints/ckpt_020000.pt,f69de48495033cf909a880882e3aa44d908a51f2adf919d7501359148a7c37b7,f69de48495033cf909a880882e3aa44d908a51f2adf919d7501359148a7c37b7,exact_hash_match
resnet32_15e05de135fc,/scratch/users/ghoshavr/eoss/results/NEURAL_NETWORK_RESULTS_20260905/07_FIXED_FRAME_BIMODALITY/checkpoint_snapshot/resnet32_15e05de135fc/latest_resume.pt,/scratch/users/ghoshavr/eoss/results/marc_moment_campaign_20260905/vision/resnet32/eta0.05/seed88881/B2048/latest_resume.pt,,,source_missing
resnet32_a1df69ea05bb,/scratch/users/ghoshavr/eoss/results/NEURAL_NETWORK_RESULTS_20260905/07_FIXED_FRAME_BIMODALITY/checkpoint_snapshot/resnet32_a1df69ea05bb/latest_resume.pt,/scratch/users/ghoshavr/eoss/results/marc_moment_campaign_20260905/vision/resnet32/eta0.05/seed88881/B32/latest_resume.pt,,,source_missing
resnet32_05447c50c722,/scratch/users/ghoshavr/eoss/results/NEURAL_NETWORK_RESULTS_20260905/07_FIXED_FRAME_BIMODALITY/checkpoint_snapshot/resnet32_05447c50c722/latest_resume.pt,/scratch/users/ghoshavr/eoss/results/marc_moment_campaign_20260905/vision/resnet32/eta0.05/seed88881/B4096/latest_resume.pt,,,source_exists_unverified
resnet32_7334e732488f,/scratch/users/ghoshavr/eoss/results/NEURAL_NETWORK_RESULTS_20260905/07_FIXED_FRAME_BIMODALITY/checkpoint_snapshot/resnet32_7334e732488f/checkpoints/ckpt_020000.pt,/scratch/users/ghoshavr/eoss/results/marc_moment_campaign_20260905/vision/resnet32/eta0.05/seed88881/B512/checkpoints/ckpt_020000.pt,,,source_exists_unverified
resnet32_463a6dab7794,/scratch/users/ghoshavr/eoss/results/NEURAL_NETWORK_RESULTS_20260905/07_FIXED_FRAME_BIMODALITY/checkpoint_snapshot/resnet32_463a6dab7794/latest_resume.pt,/scratch/users/ghoshavr/eoss/results/marc_moment_campaign_20260905/vision/resnet32/eta0.05/seed88881/B8/latest_resume.pt,,,source_missing
resnet32_14012fc4b3fc,/scratch/users/ghoshavr/eoss/results/NEURAL_NETWORK_RESULTS_20260905/07_FIXED_FRAME_BIMODALITY/checkpoint_snapshot/resnet32_14012fc4b3fc/checkpoints/ckpt_020000.pt,/scratch/users/ghoshavr/eoss/results/marc_moment_campaign_20260905/vision/resnet32/eta0.05/seed88882/B128/checkpoints/ckpt_020000.pt,,,source_exists_unverified
resnet32_a89dbf5b6ce5,/scratch/users/ghoshavr/eoss/results/NEURAL_NETWORK_RESULTS_20260905/07_FIXED_FRAME_BIMODALITY/checkpoint_snapshot/resnet32_a89dbf5b6ce5/latest_resume.pt,/scratch/users/ghoshavr/eoss/results/marc_moment_campaign_20260905/vision/resnet32/eta0.05/seed88882/B2048/latest_resume.pt,,,source_exists_unverified
resnet32_246691e8e979,/scratch/users/ghoshavr/eoss/results/NEURAL_NETWORK_RESULTS_20260905/07_FIXED_FRAME_BIMODALITY/checkpoint_snapshot/resnet32_246691e8e979/latest_resume.pt,/scratch/users/ghoshavr/eoss/results/marc_moment_campaign_20260905/vision/resnet32/eta0.05/seed88882/B32/latest_resume.pt,,,source_exists_unverified
resnet32_78f2d0200efc,/scratch/users/ghoshavr/eoss/results/NEURAL_NETWORK_RESULTS_20260905/07_FIXED_FRAME_BIMODALITY/checkpoint_snapshot/resnet32_78f2d0200efc/latest_resume.pt,/scratch/users/ghoshavr/eoss/results/marc_moment_campaign_20260905/vision/resnet32/eta0.05/seed88882/B4096/latest_resume.pt,,,source_exists_unverified
resnet32_8cf3599409eb,/scratch/users/ghoshavr/eoss/results/NEURAL_NETWORK_RESULTS_20260905/07_FIXED_FRAME_BIMODALITY/checkpoint_snapshot/resnet32_8cf3599409eb/latest_resume.pt,/scratch/users/ghoshavr/eoss/results/marc_moment_campaign_20260905/vision/resnet32/eta0.05/seed88882/B512/latest_resume.pt,,,source_exists_unverified
resnet32_74b3d3747605,/scratch/users/ghoshavr/eoss/results/NEURAL_NETWORK_RESULTS_20260905/07_FIXED_FRAME_BIMODALITY/checkpoint_snapshot/resnet32_74b3d3747605/latest_resume.pt,/scratch/users/ghoshavr/eoss/results/marc_moment_campaign_20260905/vision/resnet32/eta0.05/seed88882/B8/latest_resume.pt,,,source_exists_unverified
resnet32_bd687097c41e,/scratch/users/ghoshavr/eoss/results/NEURAL_NETWORK_RESULTS_20260905/07_FIXED_FRAME_BIMODALITY/checkpoint_snapshot/resnet32_bd687097c41e/checkpoints/ckpt_020000.pt,/scratch/users/ghoshavr/eoss/results/marc_moment_campaign_20260905/vision/resnet32/eta0.05/seed88883/B128/checkpoints/ckpt_020000.pt,,,source_exists_unverified
resnet32_7f87bc9f9804,/scratch/users/ghoshavr/eoss/results/NEURAL_NETWORK_RESULTS_20260905/07_FIXED_FRAME_BIMODALITY/checkpoint_snapshot/resnet32_7f87bc9f9804/latest_resume.pt,/scratch/users/ghoshavr/eoss/results/marc_moment_campaign_20260905/vision/resnet32/eta0.05/seed88883/B2048/latest_resume.pt,,,source_exists_unverified
resnet32_798a9eaf8c50,/scratch/users/ghoshavr/eoss/results/NEURAL_NETWORK_RESULTS_20260905/07_FIXED_FRAME_BIMODALITY/checkpoint_snapshot/resnet32_798a9eaf8c50/latest_resume.pt,/scratch/users/ghoshavr/eoss/results/marc_moment_campaign_20260905/vision/resnet32/eta0.05/seed88883/B32/latest_resume.pt,,,source_exists_unverified
resnet32_0f80416c811e,/scratch/users/ghoshavr/eoss/results/NEURAL_NETWORK_RESULTS_20260905/07_FIXED_FRAME_BIMODALITY/checkpoint_snapshot/resnet32_0f80416c811e/latest_resume.pt,/scratch/users/ghoshavr/eoss/results/marc_moment_campaign_20260905/vision/resnet32/eta0.05/seed88883/B4096/latest_resume.pt,,,source_exists_unverified
resnet32_ffbd1ba75c71,/scratch/users/ghoshavr/eoss/results/NEURAL_NETWORK_RESULTS_20260905/07_FIXED_FRAME_BIMODALITY/checkpoint_snapshot/resnet32_ffbd1ba75c71/latest_resume.pt,/scratch/users/ghoshavr/eoss/results/marc_moment_campaign_20260905/vision/resnet32/eta0.05/seed88883/B512/latest_resume.pt,,,source_exists_unverified
resnet32_9f9c1fa7b36c,/scratch/users/ghoshavr/eoss/results/NEURAL_NETWORK_RESULTS_20260905/07_FIXED_FRAME_BIMODALITY/checkpoint_snapshot/resnet32_9f9c1fa7b36c/latest_resume.pt,/scratch/users/ghoshavr/eoss/results/marc_moment_campaign_20260905/vision/resnet32/eta0.05/seed88883/B8/latest_resume.pt,,,source_exists_unverified
resnet32_87c327229eab,/scratch/users/ghoshavr/eoss/results/NEURAL_NETWORK_RESULTS_20260905/07_FIXED_FRAME_BIMODALITY/checkpoint_snapshot/resnet32_87c327229eab/latest_resume.pt,/scratch/users/ghoshavr/eoss/results/marc_moment_campaign_20260905/vision/resnet32/eta0.1/seed88881/B128/latest_resume.pt,,,source_exists_unverified
resnet32_813c87e073f8,/scratch/users/ghoshavr/eoss/results/NEURAL_NETWORK_RESULTS_20260905/07_FIXED_FRAME_BIMODALITY/checkpoint_snapshot/resnet32_813c87e073f8/latest_resume.pt,/scratch/users/ghoshavr/eoss/results/marc_moment_campaign_20260905/vision/resnet32/eta0.1/seed88881/B2048/latest_resume.pt,,,source_exists_unverified
resnet32_06b4a0676d9c,/scratch/users/ghoshavr/eoss/results/NEURAL_NETWORK_RESULTS_20260905/07_FIXED_FRAME_BIMODALITY/checkpoint_snapshot/resnet32_06b4a0676d9c/latest_resume.pt,/scratch/users/ghoshavr/eoss/results/marc_moment_campaign_20260905/vision/resnet32/eta0.1/seed88881/B32/latest_resume.pt,,,source_exists_unverified
resnet32_b896e59e6236,/scratch/users/ghoshavr/eoss/results/NEURAL_NETWORK_RESULTS_20260905/07_FIXED_FRAME_BIMODALITY/checkpoint_snapshot/resnet32_b896e59e6236/latest_resume.pt,/scratch/users/ghoshavr/eoss/results/marc_moment_campaign_20260905/vision/resnet32/eta0.1/seed88881/B4096/latest_resume.pt,,,source_exists_unverified
resnet32_702df43f8821,/scratch/users/ghoshavr/eoss/results/NEURAL_NETWORK_RESULTS_20260905/07_FIXED_FRAME_BIMODALITY/checkpoint_snapshot/resnet32_702df43f8821/latest_resume.pt,/scratch/users/ghoshavr/eoss/results/marc_moment_campaign_20260905/vision/resnet32/eta0.1/seed88881/B512/latest_resume.pt,,,source_exists_unverified
resnet32_a28dd0d41fd5,/scratch/users/ghoshavr/eoss/results/NEURAL_NETWORK_RESULTS_20260905/07_FIXED_FRAME_BIMODALITY/checkpoint_snapshot/resnet32_a28dd0d41fd5/latest_resume.pt,/scratch/users/ghoshavr/eoss/results/marc_moment_campaign_20260905/vision/resnet32/eta0.1/seed88881/B8/latest_resume.pt,,,source_exists_unverified
resnet32_885c24a91710,/scratch/users/ghoshavr/eoss/results/NEURAL_NETWORK_RESULTS_20260905/07_FIXED_FRAME_BIMODALITY/checkpoint_snapshot/resnet32_885c24a91710/latest_resume.pt,/scratch/users/ghoshavr/eoss/results/marc_moment_campaign_20260905/vision/resnet32/eta0.1/seed88882/B128/latest_resume.pt,,,source_exists_unverified
resnet32_37a403a4a0e6,/scratch/users/ghoshavr/eoss/results/NEURAL_NETWORK_RESULTS_20260905/07_FIXED_FRAME_BIMODALITY/checkpoint_snapshot/resnet32_37a403a4a0e6/latest_resume.pt,/scratch/users/ghoshavr/eoss/results/marc_moment_campaign_20260905/vision/resnet32/eta0.1/seed88882/B2048/latest_resume.pt,,,source_exists_unverified
resnet32_5a2a41d5fed8,/scratch/users/ghoshavr/eoss/results/NEURAL_NETWORK_RESULTS_20260905/07_FIXED_FRAME_BIMODALITY/checkpoint_snapshot/resnet32_5a2a41d5fed8/latest_resume.pt,/scratch/users/ghoshavr/eoss/results/marc_moment_campaign_20260905/vision/resnet32/eta0.1/seed88882/B32/latest_resume.pt,,,source_exists_unverified
resnet32_fa2cc7dfc64f,/scratch/users/ghoshavr/eoss/results/NEURAL_NETWORK_RESULTS_20260905/07_FIXED_FRAME_BIMODALITY/checkpoint_snapshot/resnet32_fa2cc7dfc64f/latest_resume.pt,/scratch/users/ghoshavr/eoss/results/marc_moment_campaign_20260905/vision/resnet32/eta0.1/seed88882/B4096/latest_resume.pt,,,source_exists_unverified
resnet32_c419cfcd21fc,/scratch/users/ghoshavr/eoss/results/NEURAL_NETWORK_RESULTS_20260905/07_FIXED_FRAME_BIMODALITY/checkpoint_snapshot/resnet32_c419cfcd21fc/latest_resume.pt,/scratch/users/ghoshavr/eoss/results/marc_moment_campaign_20260905/vision/resnet32/eta0.1/seed88882/B512/latest_resume.pt,,,source_exists_unverified
resnet32_5388a5db19a6,/scratch/users/ghoshavr/eoss/results/NEURAL_NETWORK_RESULTS_20260905/07_FIXED_FRAME_BIMODALITY/checkpoint_snapshot/resnet32_5388a5db19a6/latest_resume.pt,/scratch/users/ghoshavr/eoss/results/marc_moment_campaign_20260905/vision/resnet32/eta0.1/seed88882/B8/latest_resume.pt,,,source_exists_unverified
resnet32_057491f27edf,/scratch/users/ghoshavr/eoss/results/NEURAL_NETWORK_RESULTS_20260905/07_FIXED_FRAME_BIMODALITY/checkpoint_snapshot/resnet32_057491f27edf/latest_resume.pt,/scratch/users/ghoshavr/eoss/results/marc_moment_campaign_20260905/vision/resnet32/eta0.1/seed88883/B128/latest_resume.pt,,,source_exists_unverified
resnet32_52cbc81d4fb1,/scratch/users/ghoshavr/eoss/results/NEURAL_NETWORK_RESULTS_20260905/07_FIXED_FRAME_BIMODALITY/checkpoint_snapshot/resnet32_52cbc81d4fb1/latest_resume.pt,/scratch/users/ghoshavr/eoss/results/marc_moment_campaign_20260905/vision/resnet32/eta0.1/seed88883/B2048/latest_resume.pt,,,source_exists_unverified
resnet32_aac50a6b6ed8,/scratch/users/ghoshavr/eoss/results/NEURAL_NETWORK_RESULTS_20260905/07_FIXED_FRAME_BIMODALITY/checkpoint_snapshot/resnet32_aac50a6b6ed8/latest_resume.pt,/scratch/users/ghoshavr/eoss/results/marc_moment_campaign_20260905/vision/resnet32/eta0.1/seed88883/B32/latest_resume.pt,,,source_exists_unverified
resnet32_85f4a3eafd74,/scratch/users/ghoshavr/eoss/results/NEURAL_NETWORK_RESULTS_20260905/07_FIXED_FRAME_BIMODALITY/checkpoint_snapshot/resnet32_85f4a3eafd74/latest_resume.pt,/scratch/users/ghoshavr/eoss/results/marc_moment_campaign_20260905/vision/resnet32/eta0.1/seed88883/B4096/latest_resume.pt,,,source_missing
resnet32_b5476d007a75,/scratch/users/ghoshavr/eoss/results/NEURAL_NETWORK_RESULTS_20260905/07_FIXED_FRAME_BIMODALITY/checkpoint_snapshot/resnet32_b5476d007a75/latest_resume.pt,/scratch/users/ghoshavr/eoss/results/marc_moment_campaign_20260905/vision/resnet32/eta0.1/seed88883/B512/latest_resume.pt,,,source_exists_unverified
resnet32_3beea508b0a9,/scratch/users/ghoshavr/eoss/results/NEURAL_NETWORK_RESULTS_20260905/07_FIXED_FRAME_BIMODALITY/checkpoint_snapshot/resnet32_3beea508b0a9/latest_resume.pt,/scratch/users/ghoshavr/eoss/results/marc_moment_campaign_20260905/vision/resnet32/eta0.1/seed88883/B8/latest_resume.pt,,,source_exists_unverified
wrn_no_bn_d13148908800,/scratch/users/ghoshavr/eoss/results/NEURAL_NETWORK_RESULTS_20260905/07_FIXED_FRAME_BIMODALITY/checkpoint_snapshot/wrn_no_bn_d13148908800/latest_resume.pt,/scratch/users/ghoshavr/eoss/results/marc_moment_campaign_20260905/vision/wrn_no_bn/eta0.001/seed88881/B128/latest_resume.pt,,,source_exists_unverified
wrn_no_bn_6c40224d16a3,/scratch/users/ghoshavr/eoss/results/NEURAL_NETWORK_RESULTS_20260905/07_FIXED_FRAME_BIMODALITY/checkpoint_snapshot/wrn_no_bn_6c40224d16a3/latest_resume.pt,/scratch/users/ghoshavr/eoss/results/marc_moment_campaign_20260905/vision/wrn_no_bn/eta0.001/seed88881/B2048/latest_resume.pt,,,source_exists_unverified
wrn_no_bn_2eaa66af5f2e,/scratch/users/ghoshavr/eoss/results/NEURAL_NETWORK_RESULTS_20260905/07_FIXED_FRAME_BIMODALITY/checkpoint_snapshot/wrn_no_bn_2eaa66af5f2e/latest_resume.pt,/scratch/users/ghoshavr/eoss/results/marc_moment_campaign_20260905/vision/wrn_no_bn/eta0.001/seed88881/B32/latest_resume.pt,,,source_exists_unverified
wrn_no_bn_448b638c672a,/scratch/users/ghoshavr/eoss/results/NEURAL_NETWORK_RESULTS_20260905/07_FIXED_FRAME_BIMODALITY/checkpoint_snapshot/wrn_no_bn_448b638c672a/latest_resume.pt,/scratch/users/ghoshavr/eoss/results/marc_moment_campaign_20260905/vision/wrn_no_bn/eta0.001/seed88881/B4096/latest_resume.pt,,,source_exists_unverified
wrn_no_bn_901e9bd3541a,/scratch/users/ghoshavr/eoss/results/NEURAL_NETWORK_RESULTS_20260905/07_FIXED_FRAME_BIMODALITY/checkpoint_snapshot/wrn_no_bn_901e9bd3541a/latest_resume.pt,/scratch/users/ghoshavr/eoss/results/marc_moment_campaign_20260905/vision/wrn_no_bn/eta0.001/seed88881/B512/latest_resume.pt,,,source_exists_unverified
wrn_no_bn_8b3cb28d8cf5,/scratch/users/ghoshavr/eoss/results/NEURAL_NETWORK_RESULTS_20260905/07_FIXED_FRAME_BIMODALITY/checkpoint_snapshot/wrn_no_bn_8b3cb28d8cf5/latest_resume.pt,/scratch/users/ghoshavr/eoss/results/marc_moment_campaign_20260905/vision/wrn_no_bn/eta0.001/seed88881/B8/latest_resume.pt,,,source_exists_unverified
wrn_no_bn_e1faf849188a,/scratch/users/ghoshavr/eoss/results/NEURAL_NETWORK_RESULTS_20260905/07_FIXED_FRAME_BIMODALITY/checkpoint_snapshot/wrn_no_bn_e1faf849188a/latest_resume.pt,/scratch/users/ghoshavr/eoss/results/marc_moment_campaign_20260905/vision/wrn_no_bn/eta0.001/seed88882/B128/latest_resume.pt,,,source_exists_unverified
wrn_no_bn_6195845cfb96,/scratch/users/ghoshavr/eoss/results/NEURAL_NETWORK_RESULTS_20260905/07_FIXED_FRAME_BIMODALITY/checkpoint_snapshot/wrn_no_bn_6195845cfb96/latest_resume.pt,/scratch/users/ghoshavr/eoss/results/marc_moment_campaign_20260905/vision/wrn_no_bn/eta0.001/seed88882/B2048/latest_resume.pt,,,source_exists_unverified
wrn_no_bn_da5229146f9c,/scratch/users/ghoshavr/eoss/results/NEURAL_NETWORK_RESULTS_20260905/07_FIXED_FRAME_BIMODALITY/checkpoint_snapshot/wrn_no_bn_da5229146f9c/latest_resume.pt,/scratch/users/ghoshavr/eoss/results/marc_moment_campaign_20260905/vision/wrn_no_bn/eta0.001/seed88882/B32/latest_resume.pt,,,source_exists_unverified
wrn_no_bn_bc623100d88a,/scratch/users/ghoshavr/eoss/results/NEURAL_NETWORK_RESULTS_20260905/07_FIXED_FRAME_BIMODALITY/checkpoint_snapshot/wrn_no_bn_bc623100d88a/latest_resume.pt,/scratch/users/ghoshavr/eoss/results/marc_moment_campaign_20260905/vision/wrn_no_bn/eta0.001/seed88882/B4096/latest_resume.pt,,,source_exists_unverified
wrn_no_bn_7aaaabb1507b,/scratch/users/ghoshavr/eoss/results/NEURAL_NETWORK_RESULTS_20260905/07_FIXED_FRAME_BIMODALITY/checkpoint_snapshot/wrn_no_bn_7aaaabb1507b/latest_resume.pt,/scratch/users/ghoshavr/eoss/results/marc_moment_campaign_20260905/vision/wrn_no_bn/eta0.001/seed88882/B512/latest_resume.pt,,,source_exists_unverified
wrn_no_bn_0db42fc6eac5,/scratch/users/ghoshavr/eoss/results/NEURAL_NETWORK_RESULTS_20260905/07_FIXED_FRAME_BIMODALITY/checkpoint_snapshot/wrn_no_bn_0db42fc6eac5/latest_resume.pt,/scratch/users/ghoshavr/eoss/results/marc_moment_campaign_20260905/vision/wrn_no_bn/eta0.001/seed88882/B8/latest_resume.pt,,,source_exists_unverified
wrn_no_bn_3c8c1c0465d0,/scratch/users/ghoshavr/eoss/results/NEURAL_NETWORK_RESULTS_20260905/07_FIXED_FRAME_BIMODALITY/checkpoint_snapshot/wrn_no_bn_3c8c1c0465d0/latest_resume.pt,/scratch/users/ghoshavr/eoss/results/marc_moment_campaign_20260905/vision/wrn_no_bn/eta0.001/seed88883/B128/latest_resume.pt,,,source_exists_unverified
wrn_no_bn_4f967c9416b4,/scratch/users/ghoshavr/eoss/results/NEURAL_NETWORK_RESULTS_20260905/07_FIXED_FRAME_BIMODALITY/checkpoint_snapshot/wrn_no_bn_4f967c9416b4/latest_resume.pt,/scratch/users/ghoshavr/eoss/results/marc_moment_campaign_20260905/vision/wrn_no_bn/eta0.001/seed88883/B2048/latest_resume.pt,,,source_exists_unverified
wrn_no_bn_ec3dca0e0dcf,/scratch/users/ghoshavr/eoss/results/NEURAL_NETWORK_RESULTS_20260905/07_FIXED_FRAME_BIMODALITY/checkpoint_snapshot/wrn_no_bn_ec3dca0e0dcf/latest_resume.pt,/scratch/users/ghoshavr/eoss/results/marc_moment_campaign_20260905/vision/wrn_no_bn/eta0.001/seed88883/B32/latest_resume.pt,,,source_exists_unverified
wrn_no_bn_cded2c505da8,/scratch/users/ghoshavr/eoss/results/NEURAL_NETWORK_RESULTS_20260905/07_FIXED_FRAME_BIMODALITY/checkpoint_snapshot/wrn_no_bn_cded2c505da8/latest_resume.pt,/scratch/users/ghoshavr/eoss/results/marc_moment_campaign_20260905/vision/wrn_no_bn/eta0.001/seed88883/B4096/latest_resume.pt,,,source_exists_unverified
wrn_no_bn_17ee3839cb7b,/scratch/users/ghoshavr/eoss/results/NEURAL_NETWORK_RESULTS_20260905/07_FIXED_FRAME_BIMODALITY/checkpoint_snapshot/wrn_no_bn_17ee3839cb7b/latest_resume.pt,/scratch/users/ghoshavr/eoss/results/marc_moment_campaign_20260905/vision/wrn_no_bn/eta0.001/seed88883/B512/latest_resume.pt,,,source_exists_unverified
wrn_no_bn_ef8911c3748b,/scratch/users/ghoshavr/eoss/results/NEURAL_NETWORK_RESULTS_20260905/07_FIXED_FRAME_BIMODALITY/checkpoint_snapshot/wrn_no_bn_ef8911c3748b/latest_resume.pt,/scratch/users/ghoshavr/eoss/results/marc_moment_campaign_20260905/vision/wrn_no_bn/eta0.001/seed88883/B8/latest_resume.pt,,,source_exists_unverified
wrn_no_bn_ee9ebbd11eec,/scratch/users/ghoshavr/eoss/results/NEURAL_NETWORK_RESULTS_20260905/07_FIXED_FRAME_BIMODALITY/checkpoint_snapshot/wrn_no_bn_ee9ebbd11eec/checkpoints/ckpt_020000.pt,/scratch/users/ghoshavr/eoss/results/marc_moment_campaign_20260905/vision/wrn_no_bn/eta0.002/seed88881/B128/checkpoints/ckpt_020000.pt,7ac60eb331dbf9e0b6dcf3714cdc14a2068fa662b31f84a754b0d72ee4d8d839,7ac60eb331dbf9e0b6dcf3714cdc14a2068fa662b31f84a754b0d72ee4d8d839,exact_hash_match
wrn_no_bn_d007daab29ef,/scratch/users/ghoshavr/eoss/results/NEURAL_NETWORK_RESULTS_20260905/07_FIXED_FRAME_BIMODALITY/checkpoint_snapshot/wrn_no_bn_d007daab29ef/latest_resume.pt,/scratch/users/ghoshavr/eoss/results/marc_moment_campaign_20260905/vision/wrn_no_bn/eta0.002/seed88881/B2048/latest_resume.pt,,,source_missing
wrn_no_bn_3d483a60744c,/scratch/users/ghoshavr/eoss/results/NEURAL_NETWORK_RESULTS_20260905/07_FIXED_FRAME_BIMODALITY/checkpoint_snapshot/wrn_no_bn_3d483a60744c/latest_resume.pt,/scratch/users/ghoshavr/eoss/results/marc_moment_campaign_20260905/vision/wrn_no_bn/eta0.002/seed88881/B32/latest_resume.pt,,,source_missing
wrn_no_bn_a043c37c1439,/scratch/users/ghoshavr/eoss/results/NEURAL_NETWORK_RESULTS_20260905/07_FIXED_FRAME_BIMODALITY/checkpoint_snapshot/wrn_no_bn_a043c37c1439/latest_resume.pt,/scratch/users/ghoshavr/eoss/results/marc_moment_campaign_20260905/vision/wrn_no_bn/eta0.002/seed88881/B4096/latest_resume.pt,,,source_missing
wrn_no_bn_0dcc343b9aa8,/scratch/users/ghoshavr/eoss/results/NEURAL_NETWORK_RESULTS_20260905/07_FIXED_FRAME_BIMODALITY/checkpoint_snapshot/wrn_no_bn_0dcc343b9aa8/checkpoints/ckpt_020000.pt,/scratch/users/ghoshavr/eoss/results/marc_moment_campaign_20260905/vision/wrn_no_bn/eta0.002/seed88881/B512/checkpoints/ckpt_020000.pt,,,source_exists_unverified
wrn_no_bn_496461e27255,/scratch/users/ghoshavr/eoss/results/NEURAL_NETWORK_RESULTS_20260905/07_FIXED_FRAME_BIMODALITY/checkpoint_snapshot/wrn_no_bn_496461e27255/latest_resume.pt,/scratch/users/ghoshavr/eoss/results/marc_moment_campaign_20260905/vision/wrn_no_bn/eta0.002/seed88881/B8/latest_resume.pt,,,source_missing
wrn_no_bn_c37ad2300b2d,/scratch/users/ghoshavr/eoss/results/NEURAL_NETWORK_RESULTS_20260905/07_FIXED_FRAME_BIMODALITY/checkpoint_snapshot/wrn_no_bn_c37ad2300b2d/checkpoints/ckpt_020000.pt,/scratch/users/ghoshavr/eoss/results/marc_moment_campaign_20260905/vision/wrn_no_bn/eta0.002/seed88882/B128/checkpoints/ckpt_020000.pt,,,source_exists_unverified
wrn_no_bn_656ba654876c,/scratch/users/ghoshavr/eoss/results/NEURAL_NETWORK_RESULTS_20260905/07_FIXED_FRAME_BIMODALITY/checkpoint_snapshot/wrn_no_bn_656ba654876c/latest_resume.pt,/scratch/users/ghoshavr/eoss/results/marc_moment_campaign_20260905/vision/wrn_no_bn/eta0.002/seed88882/B2048/latest_resume.pt,,,source_exists_unverified
wrn_no_bn_ac7a4e4f4891,/scratch/users/ghoshavr/eoss/results/NEURAL_NETWORK_RESULTS_20260905/07_FIXED_FRAME_BIMODALITY/checkpoint_snapshot/wrn_no_bn_ac7a4e4f4891/latest_resume.pt,/scratch/users/ghoshavr/eoss/results/marc_moment_campaign_20260905/vision/wrn_no_bn/eta0.002/seed88882/B32/latest_resume.pt,,,source_exists_unverified
wrn_no_bn_bf4c22743eed,/scratch/users/ghoshavr/eoss/results/NEURAL_NETWORK_RESULTS_20260905/07_FIXED_FRAME_BIMODALITY/checkpoint_snapshot/wrn_no_bn_bf4c22743eed/latest_resume.pt,/scratch/users/ghoshavr/eoss/results/marc_moment_campaign_20260905/vision/wrn_no_bn/eta0.002/seed88882/B4096/latest_resume.pt,,,source_exists_unverified
wrn_no_bn_1ad132214018,/scratch/users/ghoshavr/eoss/results/NEURAL_NETWORK_RESULTS_20260905/07_FIXED_FRAME_BIMODALITY/checkpoint_snapshot/wrn_no_bn_1ad132214018/latest_resume.pt,/scratch/users/ghoshavr/eoss/results/marc_moment_campaign_20260905/vision/wrn_no_bn/eta0.002/seed88882/B512/latest_resume.pt,,,source_exists_unverified
wrn_no_bn_061feae69e87,/scratch/users/ghoshavr/eoss/results/NEURAL_NETWORK_RESULTS_20260905/07_FIXED_FRAME_BIMODALITY/checkpoint_snapshot/wrn_no_bn_061feae69e87/latest_resume.pt,/scratch/users/ghoshavr/eoss/results/marc_moment_campaign_20260905/vision/wrn_no_bn/eta0.002/seed88882/B8/latest_resume.pt,,,source_exists_unverified
wrn_no_bn_2649369ac710,/scratch/users/ghoshavr/eoss/results/NEURAL_NETWORK_RESULTS_20260905/07_FIXED_FRAME_BIMODALITY/checkpoint_snapshot/wrn_no_bn_2649369ac710/checkpoints/ckpt_020000.pt,/scratch/users/ghoshavr/eoss/results/marc_moment_campaign_20260905/vision/wrn_no_bn/eta0.002/seed88883/B128/checkpoints/ckpt_020000.pt,,,source_exists_unverified
wrn_no_bn_99803d88bb04,/scratch/users/ghoshavr/eoss/results/NEURAL_NETWORK_RESULTS_20260905/07_FIXED_FRAME_BIMODALITY/checkpoint_snapshot/wrn_no_bn_99803d88bb04/latest_resume.pt,/scratch/users/ghoshavr/eoss/results/marc_moment_campaign_20260905/vision/wrn_no_bn/eta0.002/seed88883/B2048/latest_resume.pt,,,source_exists_unverified
wrn_no_bn_b89bae7891d2,/scratch/users/ghoshavr/eoss/results/NEURAL_NETWORK_RESULTS_20260905/07_FIXED_FRAME_BIMODALITY/checkpoint_snapshot/wrn_no_bn_b89bae7891d2/latest_resume.pt,/scratch/users/ghoshavr/eoss/results/marc_moment_campaign_20260905/vision/wrn_no_bn/eta0.002/seed88883/B32/latest_resume.pt,,,source_exists_unverified
wrn_no_bn_e6cd74d0d96f,/scratch/users/ghoshavr/eoss/results/NEURAL_NETWORK_RESULTS_20260905/07_FIXED_FRAME_BIMODALITY/checkpoint_snapshot/wrn_no_bn_e6cd74d0d96f/latest_resume.pt,/scratch/users/ghoshavr/eoss/results/marc_moment_campaign_20260905/vision/wrn_no_bn/eta0.002/seed88883/B4096/latest_resume.pt,,,source_exists_unverified
wrn_no_bn_73fdc04cd357,/scratch/users/ghoshavr/eoss/results/NEURAL_NETWORK_RESULTS_20260905/07_FIXED_FRAME_BIMODALITY/checkpoint_snapshot/wrn_no_bn_73fdc04cd357/latest_resume.pt,/scratch/users/ghoshavr/eoss/results/marc_moment_campaign_20260905/vision/wrn_no_bn/eta0.002/seed88883/B512/latest_resume.pt,,,source_exists_unverified
wrn_no_bn_5abaf5488f26,/scratch/users/ghoshavr/eoss/results/NEURAL_NETWORK_RESULTS_20260905/07_FIXED_FRAME_BIMODALITY/checkpoint_snapshot/wrn_no_bn_5abaf5488f26/latest_resume.pt,/scratch/users/ghoshavr/eoss/results/marc_moment_campaign_20260905/vision/wrn_no_bn/eta0.002/seed88883/B8/latest_resume.pt,,,source_exists_unverified
wrn_no_bn_66ff3afc32e7,/scratch/users/ghoshavr/eoss/results/NEURAL_NETWORK_RESULTS_20260905/07_FIXED_FRAME_BIMODALITY/checkpoint_snapshot/wrn_no_bn_66ff3afc32e7/latest_resume.pt,/scratch/users/ghoshavr/eoss/results/marc_moment_campaign_20260905/vision/wrn_no_bn/eta0.004/seed88881/B128/latest_resume.pt,,,source_exists_unverified
wrn_no_bn_988eca17c2e8,/scratch/users/ghoshavr/eoss/results/NEURAL_NETWORK_RESULTS_20260905/07_FIXED_FRAME_BIMODALITY/checkpoint_snapshot/wrn_no_bn_988eca17c2e8/latest_resume.pt,/scratch/users/ghoshavr/eoss/results/marc_moment_campaign_20260905/vision/wrn_no_bn/eta0.004/seed88881/B2048/latest_resume.pt,,,source_exists_unverified
wrn_no_bn_04953da1bfe4,/scratch/users/ghoshavr/eoss/results/NEURAL_NETWORK_RESULTS_20260905/07_FIXED_FRAME_BIMODALITY/checkpoint_snapshot/wrn_no_bn_04953da1bfe4/latest_resume.pt,/scratch/users/ghoshavr/eoss/results/marc_moment_campaign_20260905/vision/wrn_no_bn/eta0.004/seed88881/B32/latest_resume.pt,,,source_exists_unverified
wrn_no_bn_35c2d4b290bd,/scratch/users/ghoshavr/eoss/results/NEURAL_NETWORK_RESULTS_20260905/07_FIXED_FRAME_BIMODALITY/checkpoint_snapshot/wrn_no_bn_35c2d4b290bd/latest_resume.pt,/scratch/users/ghoshavr/eoss/results/marc_moment_campaign_20260905/vision/wrn_no_bn/eta0.004/seed88881/B4096/latest_resume.pt,,,source_exists_unverified
wrn_no_bn_ec4197b7bacc,/scratch/users/ghoshavr/eoss/results/NEURAL_NETWORK_RESULTS_20260905/07_FIXED_FRAME_BIMODALITY/checkpoint_snapshot/wrn_no_bn_ec4197b7bacc/latest_resume.pt,/scratch/users/ghoshavr/eoss/results/marc_moment_campaign_20260905/vision/wrn_no_bn/eta0.004/seed88881/B512/latest_resume.pt,,,source_exists_unverified
wrn_no_bn_5c9595e7d1b5,/scratch/users/ghoshavr/eoss/results/NEURAL_NETWORK_RESULTS_20260905/07_FIXED_FRAME_BIMODALITY/checkpoint_snapshot/wrn_no_bn_5c9595e7d1b5/latest_resume.pt,/scratch/users/ghoshavr/eoss/results/marc_moment_campaign_20260905/vision/wrn_no_bn/eta0.004/seed88881/B8/latest_resume.pt,,,source_exists_unverified
wrn_no_bn_dbdfd7ff1e3f,/scratch/users/ghoshavr/eoss/results/NEURAL_NETWORK_RESULTS_20260905/07_FIXED_FRAME_BIMODALITY/checkpoint_snapshot/wrn_no_bn_dbdfd7ff1e3f/latest_resume.pt,/scratch/users/ghoshavr/eoss/results/marc_moment_campaign_20260905/vision/wrn_no_bn/eta0.004/seed88882/B128/latest_resume.pt,,,source_exists_unverified
wrn_no_bn_345f059757b1,/scratch/users/ghoshavr/eoss/results/NEURAL_NETWORK_RESULTS_20260905/07_FIXED_FRAME_BIMODALITY/checkpoint_snapshot/wrn_no_bn_345f059757b1/latest_resume.pt,/scratch/users/ghoshavr/eoss/results/marc_moment_campaign_20260905/vision/wrn_no_bn/eta0.004/seed88882/B2048/latest_resume.pt,,,source_exists_unverified
wrn_no_bn_c1ec63bd9551,/scratch/users/ghoshavr/eoss/results/NEURAL_NETWORK_RESULTS_20260905/07_FIXED_FRAME_BIMODALITY/checkpoint_snapshot/wrn_no_bn_c1ec63bd9551/latest_resume.pt,/scratch/users/ghoshavr/eoss/results/marc_moment_campaign_20260905/vision/wrn_no_bn/eta0.004/seed88882/B32/latest_resume.pt,,,source_exists_unverified
wrn_no_bn_33b3e1c69a24,/scratch/users/ghoshavr/eoss/results/NEURAL_NETWORK_RESULTS_20260905/07_FIXED_FRAME_BIMODALITY/checkpoint_snapshot/wrn_no_bn_33b3e1c69a24/latest_resume.pt,/scratch/users/ghoshavr/eoss/results/marc_moment_campaign_20260905/vision/wrn_no_bn/eta0.004/seed88882/B4096/latest_resume.pt,,,source_exists_unverified
wrn_no_bn_d9d2367e097c,/scratch/users/ghoshavr/eoss/results/NEURAL_NETWORK_RESULTS_20260905/07_FIXED_FRAME_BIMODALITY/checkpoint_snapshot/wrn_no_bn_d9d2367e097c/latest_resume.pt,/scratch/users/ghoshavr/eoss/results/marc_moment_campaign_20260905/vision/wrn_no_bn/eta0.004/seed88882/B512/latest_resume.pt,,,source_exists_unverified
wrn_no_bn_d2d0af6c19d0,/scratch/users/ghoshavr/eoss/results/NEURAL_NETWORK_RESULTS_20260905/07_FIXED_FRAME_BIMODALITY/checkpoint_snapshot/wrn_no_bn_d2d0af6c19d0/latest_resume.pt,/scratch/users/ghoshavr/eoss/results/marc_moment_campaign_20260905/vision/wrn_no_bn/eta0.004/seed88882/B8/latest_resume.pt,,,source_exists_unverified
wrn_no_bn_e1084b47155c,/scratch/users/ghoshavr/eoss/results/NEURAL_NETWORK_RESULTS_20260905/07_FIXED_FRAME_BIMODALITY/checkpoint_snapshot/wrn_no_bn_e1084b47155c/latest_resume.pt,/scratch/users/ghoshavr/eoss/results/marc_moment_campaign_20260905/vision/wrn_no_bn/eta0.004/seed88883/B128/latest_resume.pt,,,source_exists_unverified
wrn_no_bn_44b6d66bc959,/scratch/users/ghoshavr/eoss/results/NEURAL_NETWORK_RESULTS_20260905/07_FIXED_FRAME_BIMODALITY/checkpoint_snapshot/wrn_no_bn_44b6d66bc959/latest_resume.pt,/scratch/users/ghoshavr/eoss/results/marc_moment_campaign_20260905/vision/wrn_no_bn/eta0.004/seed88883/B2048/latest_resume.pt,,,source_exists_unverified
wrn_no_bn_1a83239ab9d7,/scratch/users/ghoshavr/eoss/results/NEURAL_NETWORK_RESULTS_20260905/07_FIXED_FRAME_BIMODALITY/checkpoint_snapshot/wrn_no_bn_1a83239ab9d7/latest_resume.pt,/scratch/users/ghoshavr/eoss/results/marc_moment_campaign_20260905/vision/wrn_no_bn/eta0.004/seed88883/B32/latest_resume.pt,,,source_exists_unverified
wrn_no_bn_2b1b79336f7a,/scratch/users/ghoshavr/eoss/results/NEURAL_NETWORK_RESULTS_20260905/07_FIXED_FRAME_BIMODALITY/checkpoint_snapshot/wrn_no_bn_2b1b79336f7a/latest_resume.pt,/scratch/users/ghoshavr/eoss/results/marc_moment_campaign_20260905/vision/wrn_no_bn/eta0.004/seed88883/B4096/latest_resume.pt,,,source_exists_unverified
wrn_no_bn_58204b546d27,/scratch/users/ghoshavr/eoss/results/NEURAL_NETWORK_RESULTS_20260905/07_FIXED_FRAME_BIMODALITY/checkpoint_snapshot/wrn_no_bn_58204b546d27/latest_resume.pt,/scratch/users/ghoshavr/eoss/results/marc_moment_campaign_20260905/vision/wrn_no_bn/eta0.004/seed88883/B512/latest_resume.pt,,,source_exists_unverified
wrn_no_bn_b2aca2f34120,/scratch/users/ghoshavr/eoss/results/NEURAL_NETWORK_RESULTS_20260905/07_FIXED_FRAME_BIMODALITY/checkpoint_snapshot/wrn_no_bn_b2aca2f34120/latest_resume.pt,/scratch/users/ghoshavr/eoss/results/marc_moment_campaign_20260905/vision/wrn_no_bn/eta0.004/seed88883/B8/latest_resume.pt,,,source_exists_unverified
cnn_757f7e8ef201,/scratch/users/ghoshavr/eoss/results/NEURAL_NETWORK_RESULTS_20260905/07_FIXED_FRAME_BIMODALITY/checkpoint_snapshot/cnn_757f7e8ef201/checkpoints/ckpt_019999.pt,/scratch/users/ghoshavr/eoss/results/marc_arch_sweep/cnn_e0.04_b32/checkpoints/ckpt_019999.pt,,,source_exists_unverified
cnn_0dfb07058561,/scratch/users/ghoshavr/eoss/results/NEURAL_NETWORK_RESULTS_20260905/07_FIXED_FRAME_BIMODALITY/checkpoint_snapshot/cnn_0dfb07058561/checkpoints/ckpt_019999.pt,/scratch/users/ghoshavr/eoss/results/marc_arch_sweep/cnn_e0.04_b4096/checkpoints/ckpt_019999.pt,,,source_exists_unverified
cnn_a6acd56e2233,/scratch/users/ghoshavr/eoss/results/NEURAL_NETWORK_RESULTS_20260905/07_FIXED_FRAME_BIMODALITY/checkpoint_snapshot/cnn_a6acd56e2233/checkpoints/ckpt_019999.pt,/scratch/users/ghoshavr/eoss/results/marc_arch_sweep/cnn_e0.04_b512/checkpoints/ckpt_019999.pt,,,source_exists_unverified
cnn_de556889a9f2,/scratch/users/ghoshavr/eoss/results/NEURAL_NETWORK_RESULTS_20260905/07_FIXED_FRAME_BIMODALITY/checkpoint_snapshot/cnn_de556889a9f2/checkpoints/ckpt_019999.pt,/scratch/users/ghoshavr/eoss/results/marc_arch_sweep/cnn_e0.08_b32/checkpoints/ckpt_019999.pt,,,source_exists_unverified
cnn_a98a146e7988,/scratch/users/ghoshavr/eoss/results/NEURAL_NETWORK_RESULTS_20260905/07_FIXED_FRAME_BIMODALITY/checkpoint_snapshot/cnn_a98a146e7988/checkpoints/ckpt_019999.pt,/scratch/users/ghoshavr/eoss/results/marc_arch_sweep/cnn_e0.08_b4096/checkpoints/ckpt_019999.pt,,,source_exists_unverified
cnn_14e3f61ca851,/scratch/users/ghoshavr/eoss/results/NEURAL_NETWORK_RESULTS_20260905/07_FIXED_FRAME_BIMODALITY/checkpoint_snapshot/cnn_14e3f61ca851/checkpoints/ckpt_019999.pt,/scratch/users/ghoshavr/eoss/results/marc_arch_sweep/cnn_e0.08_b512/checkpoints/ckpt_019999.pt,5cce8460a59209956721db098b3d95c65629e774b9a0e3daacf1f9fa7d170c49,5cce8460a59209956721db098b3d95c65629e774b9a0e3daacf1f9fa7d170c49,exact_hash_match
mlp_d1_516351403d29,/scratch/users/ghoshavr/eoss/results/NEURAL_NETWORK_RESULTS_20260905/07_FIXED_FRAME_BIMODALITY/checkpoint_snapshot/mlp_d1_516351403d29/checkpoints/ckpt_039999.pt,/scratch/users/ghoshavr/eoss/results/marc_arch_sweep/mlp_d1_e0.0025_b128/checkpoints/ckpt_039999.pt,,,source_exists_unverified
mlp_d1_cbb44b7ed5f8,/scratch/users/ghoshavr/eoss/results/NEURAL_NETWORK_RESULTS_20260905/07_FIXED_FRAME_BIMODALITY/checkpoint_snapshot/mlp_d1_cbb44b7ed5f8/checkpoints/ckpt_039999.pt,/scratch/users/ghoshavr/eoss/results/marc_arch_sweep/mlp_d1_e0.0025_b2048/checkpoints/ckpt_039999.pt,,,source_exists_unverified
mlp_d1_0c82a05da07a,/scratch/users/ghoshavr/eoss/results/NEURAL_NETWORK_RESULTS_20260905/07_FIXED_FRAME_BIMODALITY/checkpoint_snapshot/mlp_d1_0c82a05da07a/checkpoints/ckpt_039999.pt,/scratch/users/ghoshavr/eoss/results/marc_arch_sweep/mlp_d1_e0.0025_b32/checkpoints/ckpt_039999.pt,,,source_exists_unverified
mlp_d1_0664682f0886,/scratch/users/ghoshavr/eoss/results/NEURAL_NETWORK_RESULTS_20260905/07_FIXED_FRAME_BIMODALITY/checkpoint_snapshot/mlp_d1_0664682f0886/checkpoints/ckpt_039999.pt,/scratch/users/ghoshavr/eoss/results/marc_arch_sweep/mlp_d1_e0.0025_b4096/checkpoints/ckpt_039999.pt,,,source_exists_unverified
mlp_d1_b3a8d596b0ec,/scratch/users/ghoshavr/eoss/results/NEURAL_NETWORK_RESULTS_20260905/07_FIXED_FRAME_BIMODALITY/checkpoint_snapshot/mlp_d1_b3a8d596b0ec/checkpoints/ckpt_039999.pt,/scratch/users/ghoshavr/eoss/results/marc_arch_sweep/mlp_d1_e0.0025_b512/checkpoints/ckpt_039999.pt,,,source_exists_unverified
mlp_d1_0750b324f9db,/scratch/users/ghoshavr/eoss/results/NEURAL_NETWORK_RESULTS_20260905/07_FIXED_FRAME_BIMODALITY/checkpoint_snapshot/mlp_d1_0750b324f9db/checkpoints/ckpt_039999.pt,/scratch/users/ghoshavr/eoss/results/marc_arch_sweep/mlp_d1_e0.0025_b8/checkpoints/ckpt_039999.pt,,,source_exists_unverified
mlp_d1_96a45842aa40,/scratch/users/ghoshavr/eoss/results/NEURAL_NETWORK_RESULTS_20260905/07_FIXED_FRAME_BIMODALITY/checkpoint_snapshot/mlp_d1_96a45842aa40/checkpoints/ckpt_039999.pt,/scratch/users/ghoshavr/eoss/results/marc_arch_sweep/mlp_d1_e0.005_b128/checkpoints/ckpt_039999.pt,caf52b39d33d71469a0bd9068614bd003c9852d0505bc9550b3a7a3e39387e8e,caf52b39d33d71469a0bd9068614bd003c9852d0505bc9550b3a7a3e39387e8e,exact_hash_match
mlp_d1_a0d75721237b,/scratch/users/ghoshavr/eoss/results/NEURAL_NETWORK_RESULTS_20260905/07_FIXED_FRAME_BIMODALITY/checkpoint_snapshot/mlp_d1_a0d75721237b/checkpoints/ckpt_039999.pt,/scratch/users/ghoshavr/eoss/results/marc_arch_sweep/mlp_d1_e0.005_b2048/checkpoints/ckpt_039999.pt,,,source_exists_unverified
mlp_d1_df14123b3288,/scratch/users/ghoshavr/eoss/results/NEURAL_NETWORK_RESULTS_20260905/07_FIXED_FRAME_BIMODALITY/checkpoint_snapshot/mlp_d1_df14123b3288/checkpoints/ckpt_039999.pt,/scratch/users/ghoshavr/eoss/results/marc_arch_sweep/mlp_d1_e0.005_b32/checkpoints/ckpt_039999.pt,,,source_exists_unverified
mlp_d1_07bb4ba5a73f,/scratch/users/ghoshavr/eoss/results/NEURAL_NETWORK_RESULTS_20260905/07_FIXED_FRAME_BIMODALITY/checkpoint_snapshot/mlp_d1_07bb4ba5a73f/checkpoints/ckpt_039999.pt,/scratch/users/ghoshavr/eoss/results/marc_arch_sweep/mlp_d1_e0.005_b4096/checkpoints/ckpt_039999.pt,,,source_exists_unverified
mlp_d1_4a8e1320c404,/scratch/users/ghoshavr/eoss/results/NEURAL_NETWORK_RESULTS_20260905/07_FIXED_FRAME_BIMODALITY/checkpoint_snapshot/mlp_d1_4a8e1320c404/checkpoints/ckpt_039999.pt,/scratch/users/ghoshavr/eoss/results/marc_arch_sweep/mlp_d1_e0.005_b512/checkpoints/ckpt_039999.pt,,,source_exists_unverified
mlp_d1_073a3f8344e4,/scratch/users/ghoshavr/eoss/results/NEURAL_NETWORK_RESULTS_20260905/07_FIXED_FRAME_BIMODALITY/checkpoint_snapshot/mlp_d1_073a3f8344e4/checkpoints/ckpt_039999.pt,/scratch/users/ghoshavr/eoss/results/marc_arch_sweep/mlp_d1_e0.005_b8/checkpoints/ckpt_039999.pt,,,source_exists_unverified
mlp_d1_ee9c8a485532,/scratch/users/ghoshavr/eoss/results/NEURAL_NETWORK_RESULTS_20260905/07_FIXED_FRAME_BIMODALITY/checkpoint_snapshot/mlp_d1_ee9c8a485532/checkpoints/ckpt_039999.pt,/scratch/users/ghoshavr/eoss/results/marc_arch_sweep/mlp_d1_e0.02_b128/checkpoints/ckpt_039999.pt,,,source_exists_unverified
mlp_d1_739a49f8be8c,/scratch/users/ghoshavr/eoss/results/NEURAL_NETWORK_RESULTS_20260905/07_FIXED_FRAME_BIMODALITY/checkpoint_snapshot/mlp_d1_739a49f8be8c/checkpoints/ckpt_039999.pt,/scratch/users/ghoshavr/eoss/results/marc_arch_sweep/mlp_d1_e0.02_b2048/checkpoints/ckpt_039999.pt,,,source_exists_unverified
mlp_d1_c23e25fbd95e,/scratch/users/ghoshavr/eoss/results/NEURAL_NETWORK_RESULTS_20260905/07_FIXED_FRAME_BIMODALITY/checkpoint_snapshot/mlp_d1_c23e25fbd95e/checkpoints/ckpt_039999.pt,/scratch/users/ghoshavr/eoss/results/marc_arch_sweep/mlp_d1_e0.02_b4096/checkpoints/ckpt_039999.pt,,,source_exists_unverified
mlp_d1_f6f0ac17dcd5,/scratch/users/ghoshavr/eoss/results/NEURAL_NETWORK_RESULTS_20260905/07_FIXED_FRAME_BIMODALITY/checkpoint_snapshot/mlp_d1_f6f0ac17dcd5/checkpoints/ckpt_039999.pt,/scratch/users/ghoshavr/eoss/results/marc_arch_sweep/mlp_d1_e0.02_b512/checkpoints/ckpt_039999.pt,,,source_exists_unverified
mlp_d2_3a09c432529a,/scratch/users/ghoshavr/eoss/results/NEURAL_NETWORK_RESULTS_20260905/07_FIXED_FRAME_BIMODALITY/checkpoint_snapshot/mlp_d2_3a09c432529a/checkpoints/ckpt_039999.pt,/scratch/users/ghoshavr/eoss/results/marc_arch_sweep/mlp_d2_e0.01_b128/checkpoints/ckpt_039999.pt,20fca3d7e32a7c25ac6180e533466d363c1f67c2d7e2bb954c042b9573a3cd0f,20fca3d7e32a7c25ac6180e533466d363c1f67c2d7e2bb954c042b9573a3cd0f,exact_hash_match
mlp_d2_c5e3ed5fb6c8,/scratch/users/ghoshavr/eoss/results/NEURAL_NETWORK_RESULTS_20260905/07_FIXED_FRAME_BIMODALITY/checkpoint_snapshot/mlp_d2_c5e3ed5fb6c8/checkpoints/ckpt_039999.pt,/scratch/users/ghoshavr/eoss/results/marc_arch_sweep/mlp_d2_e0.01_b2048/checkpoints/ckpt_039999.pt,,,source_exists_unverified
mlp_d2_92d8b42c4f0f,/scratch/users/ghoshavr/eoss/results/NEURAL_NETWORK_RESULTS_20260905/07_FIXED_FRAME_BIMODALITY/checkpoint_snapshot/mlp_d2_92d8b42c4f0f/checkpoints/ckpt_039999.pt,/scratch/users/ghoshavr/eoss/results/marc_arch_sweep/mlp_d2_e0.01_b32/checkpoints/ckpt_039999.pt,,,source_exists_unverified
mlp_d2_c2c9d3a70d05,/scratch/users/ghoshavr/eoss/results/NEURAL_NETWORK_RESULTS_20260905/07_FIXED_FRAME_BIMODALITY/checkpoint_snapshot/mlp_d2_c2c9d3a70d05/checkpoints/ckpt_039999.pt,/scratch/users/ghoshavr/eoss/results/marc_arch_sweep/mlp_d2_e0.01_b4096/checkpoints/ckpt_039999.pt,,,source_exists_unverified
mlp_d2_7f40e0005fa4,/scratch/users/ghoshavr/eoss/results/NEURAL_NETWORK_RESULTS_20260905/07_FIXED_FRAME_BIMODALITY/checkpoint_snapshot/mlp_d2_7f40e0005fa4/checkpoints/ckpt_039999.pt,/scratch/users/ghoshavr/eoss/results/marc_arch_sweep/mlp_d2_e0.01_b512/checkpoints/ckpt_039999.pt,,,source_exists_unverified
mlp_d2_68aad181a70c,/scratch/users/ghoshavr/eoss/results/NEURAL_NETWORK_RESULTS_20260905/07_FIXED_FRAME_BIMODALITY/checkpoint_snapshot/mlp_d2_68aad181a70c/checkpoints/ckpt_039999.pt,/scratch/users/ghoshavr/eoss/results/marc_arch_sweep/mlp_d2_e0.01_b8/checkpoints/ckpt_039999.pt,,,source_exists_unverified
mlp_d2_883759bee0fc,/scratch/users/ghoshavr/eoss/results/NEURAL_NETWORK_RESULTS_20260905/07_FIXED_FRAME_BIMODALITY/checkpoint_snapshot/mlp_d2_883759bee0fc/checkpoints/ckpt_039999.pt,/scratch/users/ghoshavr/eoss/results/marc_arch_sweep/mlp_d2_e0.02_b128/checkpoints/ckpt_039999.pt,,,source_exists_unverified
mlp_d2_01e7e56d994a,/scratch/users/ghoshavr/eoss/results/NEURAL_NETWORK_RESULTS_20260905/07_FIXED_FRAME_BIMODALITY/checkpoint_snapshot/mlp_d2_01e7e56d994a/checkpoints/ckpt_039999.pt,/scratch/users/ghoshavr/eoss/results/marc_arch_sweep/mlp_d2_e0.02_b32/checkpoints/ckpt_039999.pt,,,source_exists_unverified
mlp_d2_4f126407f02a,/scratch/users/ghoshavr/eoss/results/NEURAL_NETWORK_RESULTS_20260905/07_FIXED_FRAME_BIMODALITY/checkpoint_snapshot/mlp_d2_4f126407f02a/checkpoints/ckpt_039999.pt,/scratch/users/ghoshavr/eoss/results/marc_arch_sweep/mlp_d2_e0.02_b8/checkpoints/ckpt_039999.pt,,,source_exists_unverified
mlp_d2_be412158201a,/scratch/users/ghoshavr/eoss/results/NEURAL_NETWORK_RESULTS_20260905/07_FIXED_FRAME_BIMODALITY/checkpoint_snapshot/mlp_d2_be412158201a/checkpoints/ckpt_039999.pt,/scratch/users/ghoshavr/eoss/results/marc_arch_sweep/mlp_d2_e0.04_b32/checkpoints/ckpt_039999.pt,,,source_exists_unverified
mlp_d2_0b2efb6f4388,/scratch/users/ghoshavr/eoss/results/NEURAL_NETWORK_RESULTS_20260905/07_FIXED_FRAME_BIMODALITY/checkpoint_snapshot/mlp_d2_0b2efb6f4388/checkpoints/ckpt_039999.pt,/scratch/users/ghoshavr/eoss/results/marc_arch_sweep/mlp_d2_e0.04_b8/checkpoints/ckpt_039999.pt,,,source_exists_unverified
mlp_d3_56bae25ecc03,/scratch/users/ghoshavr/eoss/results/NEURAL_NETWORK_RESULTS_20260905/07_FIXED_FRAME_BIMODALITY/checkpoint_snapshot/mlp_d3_56bae25ecc03/checkpoints/ckpt_039999.pt,/scratch/users/ghoshavr/eoss/results/marc_arch_sweep/mlp_d3_e0.02_b128/checkpoints/ckpt_039999.pt,e68581f5c02e904c6eb8562d4c12a3f6c85f1d75333d57263f2a90ced034a592,e68581f5c02e904c6eb8562d4c12a3f6c85f1d75333d57263f2a90ced034a592,exact_hash_match
mlp_d3_58122c910ab4,/scratch/users/ghoshavr/eoss/results/NEURAL_NETWORK_RESULTS_20260905/07_FIXED_FRAME_BIMODALITY/checkpoint_snapshot/mlp_d3_58122c910ab4/checkpoints/ckpt_039999.pt,/scratch/users/ghoshavr/eoss/results/marc_arch_sweep/mlp_d3_e0.02_b2048/checkpoints/ckpt_039999.pt,,,source_exists_unverified
mlp_d3_baad05f06b42,/scratch/users/ghoshavr/eoss/results/NEURAL_NETWORK_RESULTS_20260905/07_FIXED_FRAME_BIMODALITY/checkpoint_snapshot/mlp_d3_baad05f06b42/checkpoints/ckpt_039999.pt,/scratch/users/ghoshavr/eoss/results/marc_arch_sweep/mlp_d3_e0.02_b32/checkpoints/ckpt_039999.pt,,,source_exists_unverified
mlp_d3_6252e8b35b79,/scratch/users/ghoshavr/eoss/results/NEURAL_NETWORK_RESULTS_20260905/07_FIXED_FRAME_BIMODALITY/checkpoint_snapshot/mlp_d3_6252e8b35b79/checkpoints/ckpt_039999.pt,/scratch/users/ghoshavr/eoss/results/marc_arch_sweep/mlp_d3_e0.02_b512/checkpoints/ckpt_039999.pt,,,source_exists_unverified
mlp_d3_2ba1cc1e9e1e,/scratch/users/ghoshavr/eoss/results/NEURAL_NETWORK_RESULTS_20260905/07_FIXED_FRAME_BIMODALITY/checkpoint_snapshot/mlp_d3_2ba1cc1e9e1e/checkpoints/ckpt_039999.pt,/scratch/users/ghoshavr/eoss/results/marc_arch_sweep/mlp_d3_e0.02_b8/checkpoints/ckpt_039999.pt,,,source_exists_unverified
mlp_d3_6ddee96f9518,/scratch/users/ghoshavr/eoss/results/NEURAL_NETWORK_RESULTS_20260905/07_FIXED_FRAME_BIMODALITY/checkpoint_snapshot/mlp_d3_6ddee96f9518/checkpoints/ckpt_039999.pt,/scratch/users/ghoshavr/eoss/results/marc_arch_sweep/mlp_d3_e0.04_b128/checkpoints/ckpt_039999.pt,,,source_exists_unverified
mlp_d3_b94a45a1236f,/scratch/users/ghoshavr/eoss/results/NEURAL_NETWORK_RESULTS_20260905/07_FIXED_FRAME_BIMODALITY/checkpoint_snapshot/mlp_d3_b94a45a1236f/checkpoints/ckpt_039999.pt,/scratch/users/ghoshavr/eoss/results/marc_arch_sweep/mlp_d3_e0.04_b2048/checkpoints/ckpt_039999.pt,,,source_exists_unverified
mlp_d3_41e108da1622,/scratch/users/ghoshavr/eoss/results/NEURAL_NETWORK_RESULTS_20260905/07_FIXED_FRAME_BIMODALITY/checkpoint_snapshot/mlp_d3_41e108da1622/checkpoints/ckpt_039999.pt,/scratch/users/ghoshavr/eoss/results/marc_arch_sweep/mlp_d3_e0.04_b32/checkpoints/ckpt_039999.pt,,,source_exists_unverified
mlp_d3_60b71500c3b4,/scratch/users/ghoshavr/eoss/results/NEURAL_NETWORK_RESULTS_20260905/07_FIXED_FRAME_BIMODALITY/checkpoint_snapshot/mlp_d3_60b71500c3b4/checkpoints/ckpt_039999.pt,/scratch/users/ghoshavr/eoss/results/marc_arch_sweep/mlp_d3_e0.04_b4096/checkpoints/ckpt_039999.pt,,,source_exists_unverified
mlp_d3_bda5c05a8793,/scratch/users/ghoshavr/eoss/results/NEURAL_NETWORK_RESULTS_20260905/07_FIXED_FRAME_BIMODALITY/checkpoint_snapshot/mlp_d3_bda5c05a8793/checkpoints/ckpt_039999.pt,/scratch/users/ghoshavr/eoss/results/marc_arch_sweep/mlp_d3_e0.04_b8/checkpoints/ckpt_039999.pt,,,source_exists_unverified
mlp_d3_7fc0415f0992,/scratch/users/ghoshavr/eoss/results/NEURAL_NETWORK_RESULTS_20260905/07_FIXED_FRAME_BIMODALITY/checkpoint_snapshot/mlp_d3_7fc0415f0992/checkpoints/ckpt_039999.pt,/scratch/users/ghoshavr/eoss/results/marc_arch_sweep/mlp_d3_e0.08_b128/checkpoints/ckpt_039999.pt,,,source_exists_unverified
mlp_d3_54a63f852428,/scratch/users/ghoshavr/eoss/results/NEURAL_NETWORK_RESULTS_20260905/07_FIXED_FRAME_BIMODALITY/checkpoint_snapshot/mlp_d3_54a63f852428/checkpoints/ckpt_039999.pt,/scratch/users/ghoshavr/eoss/results/marc_arch_sweep/mlp_d3_e0.08_b2048/checkpoints/ckpt_039999.pt,,,source_exists_unverified
mlp_d3_a304cff323b0,/scratch/users/ghoshavr/eoss/results/NEURAL_NETWORK_RESULTS_20260905/07_FIXED_FRAME_BIMODALITY/checkpoint_snapshot/mlp_d3_a304cff323b0/checkpoints/ckpt_039999.pt,/scratch/users/ghoshavr/eoss/results/marc_arch_sweep/mlp_d3_e0.08_b32/checkpoints/ckpt_039999.pt,,,source_exists_unverified
mlp_d3_35ca9450da49,/scratch/users/ghoshavr/eoss/results/NEURAL_NETWORK_RESULTS_20260905/07_FIXED_FRAME_BIMODALITY/checkpoint_snapshot/mlp_d3_35ca9450da49/checkpoints/ckpt_039999.pt,/scratch/users/ghoshavr/eoss/results/marc_arch_sweep/mlp_d3_e0.08_b4096/checkpoints/ckpt_039999.pt,,,source_exists_unverified
mlp_d3_6b92d8a832c9,/scratch/users/ghoshavr/eoss/results/NEURAL_NETWORK_RESULTS_20260905/07_FIXED_FRAME_BIMODALITY/checkpoint_snapshot/mlp_d3_6b92d8a832c9/checkpoints/ckpt_039999.pt,/scratch/users/ghoshavr/eoss/results/marc_arch_sweep/mlp_d3_e0.08_b8/checkpoints/ckpt_039999.pt,,,source_exists_unverified
mlp_d4_7c2d88e3338f,/scratch/users/ghoshavr/eoss/results/NEURAL_NETWORK_RESULTS_20260905/07_FIXED_FRAME_BIMODALITY/checkpoint_snapshot/mlp_d4_7c2d88e3338f/checkpoints/ckpt_039999.pt,/scratch/users/ghoshavr/eoss/results/marc_arch_sweep/mlp_d4_e0.01_b32/checkpoints/ckpt_039999.pt,76039dd59a0f692406e7cde8088712b9cd24316cae1559cb0cc765360e7df1ac,76039dd59a0f692406e7cde8088712b9cd24316cae1559cb0cc765360e7df1ac,exact_hash_match
mlp_d4_db964b6b0cd7,/scratch/users/ghoshavr/eoss/results/NEURAL_NETWORK_RESULTS_20260905/07_FIXED_FRAME_BIMODALITY/checkpoint_snapshot/mlp_d4_db964b6b0cd7/checkpoints/ckpt_039999.pt,/scratch/users/ghoshavr/eoss/results/marc_arch_sweep/mlp_d4_e0.01_b4096/checkpoints/ckpt_039999.pt,,,source_exists_unverified
mlp_d4_c1f0fc505d0f,/scratch/users/ghoshavr/eoss/results/NEURAL_NETWORK_RESULTS_20260905/07_FIXED_FRAME_BIMODALITY/checkpoint_snapshot/mlp_d4_c1f0fc505d0f/checkpoints/ckpt_039999.pt,/scratch/users/ghoshavr/eoss/results/marc_arch_sweep/mlp_d4_e0.01_b512/checkpoints/ckpt_039999.pt,,,source_exists_unverified
mlp_d4_b7060714d6f8,/scratch/users/ghoshavr/eoss/results/NEURAL_NETWORK_RESULTS_20260905/07_FIXED_FRAME_BIMODALITY/checkpoint_snapshot/mlp_d4_b7060714d6f8/checkpoints/ckpt_039999.pt,/scratch/users/ghoshavr/eoss/results/marc_arch_sweep/mlp_d4_e0.02_b128/checkpoints/ckpt_039999.pt,,,source_exists_unverified
mlp_d4_d6656228e75d,/scratch/users/ghoshavr/eoss/results/NEURAL_NETWORK_RESULTS_20260905/07_FIXED_FRAME_BIMODALITY/checkpoint_snapshot/mlp_d4_d6656228e75d/checkpoints/ckpt_039999.pt,/scratch/users/ghoshavr/eoss/results/marc_arch_sweep/mlp_d4_e0.02_b2048/checkpoints/ckpt_039999.pt,,,source_exists_unverified
mlp_d4_e33fcede3c2f,/scratch/users/ghoshavr/eoss/results/NEURAL_NETWORK_RESULTS_20260905/07_FIXED_FRAME_BIMODALITY/checkpoint_snapshot/mlp_d4_e33fcede3c2f/checkpoints/ckpt_039999.pt,/scratch/users/ghoshavr/eoss/results/marc_arch_sweep/mlp_d4_e0.02_b32/checkpoints/ckpt_039999.pt,,,source_exists_unverified
mlp_d4_4ab9bd3316fd,/scratch/users/ghoshavr/eoss/results/NEURAL_NETWORK_RESULTS_20260905/07_FIXED_FRAME_BIMODALITY/checkpoint_snapshot/mlp_d4_4ab9bd3316fd/checkpoints/ckpt_039999.pt,/scratch/users/ghoshavr/eoss/results/marc_arch_sweep/mlp_d4_e0.02_b4096/checkpoints/ckpt_039999.pt,,,source_exists_unverified
mlp_d4_dd9da59808d0,/scratch/users/ghoshavr/eoss/results/NEURAL_NETWORK_RESULTS_20260905/07_FIXED_FRAME_BIMODALITY/checkpoint_snapshot/mlp_d4_dd9da59808d0/checkpoints/ckpt_039999.pt,/scratch/users/ghoshavr/eoss/results/marc_arch_sweep/mlp_d4_e0.02_b512/checkpoints/ckpt_039999.pt,,,source_exists_unverified
mlp_d4_dd3060eecfa5,/scratch/users/ghoshavr/eoss/results/NEURAL_NETWORK_RESULTS_20260905/07_FIXED_FRAME_BIMODALITY/checkpoint_snapshot/mlp_d4_dd3060eecfa5/checkpoints/ckpt_039999.pt,/scratch/users/ghoshavr/eoss/results/marc_arch_sweep/mlp_d4_e0.02_b8/checkpoints/ckpt_039999.pt,,,source_exists_unverified
mlp_d4_b81dbb31840d,/scratch/users/ghoshavr/eoss/results/NEURAL_NETWORK_RESULTS_20260905/07_FIXED_FRAME_BIMODALITY/checkpoint_snapshot/mlp_d4_b81dbb31840d/checkpoints/ckpt_039999.pt,/scratch/users/ghoshavr/eoss/results/marc_arch_sweep/mlp_d4_e0.04_b128/checkpoints/ckpt_039999.pt,,,source_exists_unverified
mlp_d4_21a12a2897a2,/scratch/users/ghoshavr/eoss/results/NEURAL_NETWORK_RESULTS_20260905/07_FIXED_FRAME_BIMODALITY/checkpoint_snapshot/mlp_d4_21a12a2897a2/checkpoints/ckpt_039999.pt,/scratch/users/ghoshavr/eoss/results/marc_arch_sweep/mlp_d4_e0.04_b32/checkpoints/ckpt_039999.pt,,,source_exists_unverified
mlp_d4_3027efc50922,/scratch/users/ghoshavr/eoss/results/NEURAL_NETWORK_RESULTS_20260905/07_FIXED_FRAME_BIMODALITY/checkpoint_snapshot/mlp_d4_3027efc50922/checkpoints/ckpt_039999.pt,/scratch/users/ghoshavr/eoss/results/marc_arch_sweep/mlp_d4_e0.04_b4096/checkpoints/ckpt_039999.pt,,,source_exists_unverified
mlp_d4_9d3307a5e8c6,/scratch/users/ghoshavr/eoss/results/NEURAL_NETWORK_RESULTS_20260905/07_FIXED_FRAME_BIMODALITY/checkpoint_snapshot/mlp_d4_9d3307a5e8c6/checkpoints/ckpt_039999.pt,/scratch/users/ghoshavr/eoss/results/marc_arch_sweep/mlp_d4_e0.04_b512/checkpoints/ckpt_039999.pt,,,source_exists_unverified
mlp_d4_2c27d045ccd2,/scratch/users/ghoshavr/eoss/results/NEURAL_NETWORK_RESULTS_20260905/07_FIXED_FRAME_BIMODALITY/checkpoint_snapshot/mlp_d4_2c27d045ccd2/checkpoints/ckpt_039999.pt,/scratch/users/ghoshavr/eoss/results/marc_arch_sweep/mlp_d4_e0.04_b8/checkpoints/ckpt_039999.pt,,,source_exists_unverified
mlp_d4_b79ff8be8ac0,/scratch/users/ghoshavr/eoss/results/NEURAL_NETWORK_RESULTS_20260905/07_FIXED_FRAME_BIMODALITY/checkpoint_snapshot/mlp_d4_b79ff8be8ac0/checkpoints/ckpt_039999.pt,/scratch/users/ghoshavr/eoss/results/marc_arch_sweep/mlp_d4_e0.08_b128/checkpoints/ckpt_039999.pt,,,source_exists_unverified
mlp_d4_227a6247ce8a,/scratch/users/ghoshavr/eoss/results/NEURAL_NETWORK_RESULTS_20260905/07_FIXED_FRAME_BIMODALITY/checkpoint_snapshot/mlp_d4_227a6247ce8a/checkpoints/ckpt_039999.pt,/scratch/users/ghoshavr/eoss/results/marc_arch_sweep/mlp_d4_e0.08_b32/checkpoints/ckpt_039999.pt,,,source_exists_unverified
mlp_d4_fa206f496775,/scratch/users/ghoshavr/eoss/results/NEURAL_NETWORK_RESULTS_20260905/07_FIXED_FRAME_BIMODALITY/checkpoint_snapshot/mlp_d4_fa206f496775/checkpoints/ckpt_039999.pt,/scratch/users/ghoshavr/eoss/results/marc_arch_sweep/mlp_d4_e0.08_b4096/checkpoints/ckpt_039999.pt,,,source_exists_unverified
mlp_d4_1d7d28dad4e4,/scratch/users/ghoshavr/eoss/results/NEURAL_NETWORK_RESULTS_20260905/07_FIXED_FRAME_BIMODALITY/checkpoint_snapshot/mlp_d4_1d7d28dad4e4/checkpoints/ckpt_039999.pt,/scratch/users/ghoshavr/eoss/results/marc_arch_sweep/mlp_d4_e0.08_b512/checkpoints/ckpt_039999.pt,,,source_exists_unverified
mlp_d4_41069d52fad2,/scratch/users/ghoshavr/eoss/results/NEURAL_NETWORK_RESULTS_20260905/07_FIXED_FRAME_BIMODALITY/checkpoint_snapshot/mlp_d4_41069d52fad2/checkpoints/ckpt_039999.pt,/scratch/users/ghoshavr/eoss/results/marc_arch_sweep/mlp_d4_e0.08_b8/checkpoints/ckpt_039999.pt,,,source_exists_unverified
mlp_tanh_836882836db5,/scratch/users/ghoshavr/eoss/results/NEURAL_NETWORK_RESULTS_20260905/07_FIXED_FRAME_BIMODALITY/checkpoint_snapshot/mlp_tanh_836882836db5/checkpoints/ckpt_039999.pt,/scratch/users/ghoshavr/eoss/results/marc_arch_sweep/mlp_tanh_e0.005_b32/checkpoints/ckpt_039999.pt,,,source_exists_unverified
mlp_tanh_468d99c1603e,/scratch/users/ghoshavr/eoss/results/NEURAL_NETWORK_RESULTS_20260905/07_FIXED_FRAME_BIMODALITY/checkpoint_snapshot/mlp_tanh_468d99c1603e/checkpoints/ckpt_039999.pt,/scratch/users/ghoshavr/eoss/results/marc_arch_sweep/mlp_tanh_e0.005_b4096/checkpoints/ckpt_039999.pt,,,source_exists_unverified
mlp_tanh_5fd2651caf13,/scratch/users/ghoshavr/eoss/results/NEURAL_NETWORK_RESULTS_20260905/07_FIXED_FRAME_BIMODALITY/checkpoint_snapshot/mlp_tanh_5fd2651caf13/checkpoints/ckpt_039999.pt,/scratch/users/ghoshavr/eoss/results/marc_arch_sweep/mlp_tanh_e0.005_b512/checkpoints/ckpt_039999.pt,,,source_exists_unverified
mlp_tanh_492cdecd33a8,/scratch/users/ghoshavr/eoss/results/NEURAL_NETWORK_RESULTS_20260905/07_FIXED_FRAME_BIMODALITY/checkpoint_snapshot/mlp_tanh_492cdecd33a8/checkpoints/ckpt_039999.pt,/scratch/users/ghoshavr/eoss/results/marc_arch_sweep/mlp_tanh_e0.01_b32/checkpoints/ckpt_039999.pt,,,source_exists_unverified
mlp_tanh_46f0afa9fd31,/scratch/users/ghoshavr/eoss/results/NEURAL_NETWORK_RESULTS_20260905/07_FIXED_FRAME_BIMODALITY/checkpoint_snapshot/mlp_tanh_46f0afa9fd31/checkpoints/ckpt_039999.pt,/scratch/users/ghoshavr/eoss/results/marc_arch_sweep/mlp_tanh_e0.01_b4096/checkpoints/ckpt_039999.pt,,,source_exists_unverified
mlp_tanh_3421ab33a06d,/scratch/users/ghoshavr/eoss/results/NEURAL_NETWORK_RESULTS_20260905/07_FIXED_FRAME_BIMODALITY/checkpoint_snapshot/mlp_tanh_3421ab33a06d/checkpoints/ckpt_039999.pt,/scratch/users/ghoshavr/eoss/results/marc_arch_sweep/mlp_tanh_e0.01_b512/checkpoints/ckpt_039999.pt,,,source_exists_unverified
mlp_tanh_e126d1bdc783,/scratch/users/ghoshavr/eoss/results/NEURAL_NETWORK_RESULTS_20260905/07_FIXED_FRAME_BIMODALITY/checkpoint_snapshot/mlp_tanh_e126d1bdc783/checkpoints/ckpt_039999.pt,/scratch/users/ghoshavr/eoss/results/marc_arch_sweep/mlp_tanh_e0.02_b32/checkpoints/ckpt_039999.pt,,,source_exists_unverified
mlp_tanh_dfc133cb7007,/scratch/users/ghoshavr/eoss/results/NEURAL_NETWORK_RESULTS_20260905/07_FIXED_FRAME_BIMODALITY/checkpoint_snapshot/mlp_tanh_dfc133cb7007/checkpoints/ckpt_039999.pt,/scratch/users/ghoshavr/eoss/results/marc_arch_sweep/mlp_tanh_e0.02_b4096/checkpoints/ckpt_039999.pt,,,source_exists_unverified
mlp_tanh_b3f84ce4e1c7,/scratch/users/ghoshavr/eoss/results/NEURAL_NETWORK_RESULTS_20260905/07_FIXED_FRAME_BIMODALITY/checkpoint_snapshot/mlp_tanh_b3f84ce4e1c7/checkpoints/ckpt_039999.pt,/scratch/users/ghoshavr/eoss/results/marc_arch_sweep/mlp_tanh_e0.02_b512/checkpoints/ckpt_039999.pt,61becaf2a571c8a885993c9dfd4a33e68a18527d744070fdf236d8920beef8c3,61becaf2a571c8a885993c9dfd4a33e68a18527d744070fdf236d8920beef8c3,exact_hash_match
mlp_tanh_9fcb25ba035b,/scratch/users/ghoshavr/eoss/results/NEURAL_NETWORK_RESULTS_20260905/07_FIXED_FRAME_BIMODALITY/checkpoint_snapshot/mlp_tanh_9fcb25ba035b/checkpoints/ckpt_039999.pt,/scratch/users/ghoshavr/eoss/results/marc_arch_sweep/mlp_tanh_e0.04_b128/checkpoints/ckpt_039999.pt,,,source_exists_unverified
mlp_tanh_f7959b0d36ad,/scratch/users/ghoshavr/eoss/results/NEURAL_NETWORK_RESULTS_20260905/07_FIXED_FRAME_BIMODALITY/checkpoint_snapshot/mlp_tanh_f7959b0d36ad/checkpoints/ckpt_039999.pt,/scratch/users/ghoshavr/eoss/results/marc_arch_sweep/mlp_tanh_e0.04_b2048/checkpoints/ckpt_039999.pt,,,source_exists_unverified
mlp_tanh_4d936c3a3851,/scratch/users/ghoshavr/eoss/results/NEURAL_NETWORK_RESULTS_20260905/07_FIXED_FRAME_BIMODALITY/checkpoint_snapshot/mlp_tanh_4d936c3a3851/checkpoints/ckpt_039999.pt,/scratch/users/ghoshavr/eoss/results/marc_arch_sweep/mlp_tanh_e0.04_b32/checkpoints/ckpt_039999.pt,,,source_exists_unverified
mlp_tanh_4b9086b9526a,/scratch/users/ghoshavr/eoss/results/NEURAL_NETWORK_RESULTS_20260905/07_FIXED_FRAME_BIMODALITY/checkpoint_snapshot/mlp_tanh_4b9086b9526a/checkpoints/ckpt_039999.pt,/scratch/users/ghoshavr/eoss/results/marc_arch_sweep/mlp_tanh_e0.04_b4096/checkpoints/ckpt_039999.pt,,,source_exists_unverified
mlp_tanh_6772234ab980,/scratch/users/ghoshavr/eoss/results/NEURAL_NETWORK_RESULTS_20260905/07_FIXED_FRAME_BIMODALITY/checkpoint_snapshot/mlp_tanh_6772234ab980/checkpoints/ckpt_039999.pt,/scratch/users/ghoshavr/eoss/results/marc_arch_sweep/mlp_tanh_e0.04_b512/checkpoints/ckpt_039999.pt,,,source_exists_unverified
mlp_tanh_c9b6b8690d4e,/scratch/users/ghoshavr/eoss/results/NEURAL_NETWORK_RESULTS_20260905/07_FIXED_FRAME_BIMODALITY/checkpoint_snapshot/mlp_tanh_c9b6b8690d4e/checkpoints/ckpt_039999.pt,/scratch/users/ghoshavr/eoss/results/marc_arch_sweep/mlp_tanh_e0.04_b8/checkpoints/ckpt_039999.pt,,,source_exists_unverified
resnet20_3cfad8840f33,/scratch/users/ghoshavr/eoss/results/NEURAL_NETWORK_RESULTS_20260905/07_FIXED_FRAME_BIMODALITY/checkpoint_snapshot/resnet20_3cfad8840f33/checkpoints/ckpt_014999.pt,/scratch/users/ghoshavr/eoss/results/marc_arch_sweep/resnet20_e0.025_b32/checkpoints/ckpt_014999.pt,,,source_exists_unverified
resnet20_e10ec8233f2f,/scratch/users/ghoshavr/eoss/results/NEURAL_NETWORK_RESULTS_20260905/07_FIXED_FRAME_BIMODALITY/checkpoint_snapshot/resnet20_e10ec8233f2f/checkpoints/ckpt_014999.pt,/scratch/users/ghoshavr/eoss/results/marc_arch_sweep/resnet20_e0.025_b4096/checkpoints/ckpt_014999.pt,,,source_exists_unverified
resnet20_f12b92c4cd54,/scratch/users/ghoshavr/eoss/results/NEURAL_NETWORK_RESULTS_20260905/07_FIXED_FRAME_BIMODALITY/checkpoint_snapshot/resnet20_f12b92c4cd54/checkpoints/ckpt_014999.pt,/scratch/users/ghoshavr/eoss/results/marc_arch_sweep/resnet20_e0.025_b512/checkpoints/ckpt_014999.pt,,,source_exists_unverified
resnet20_2a175c246bd9,/scratch/users/ghoshavr/eoss/results/NEURAL_NETWORK_RESULTS_20260905/07_FIXED_FRAME_BIMODALITY/checkpoint_snapshot/resnet20_2a175c246bd9/checkpoints/ckpt_014999.pt,/scratch/users/ghoshavr/eoss/results/marc_arch_sweep/resnet20_e0.05_b32/checkpoints/ckpt_014999.pt,7b782bb3920e4cf8f3b2324698cf65cecaf2507fbf323cff809f10d435d85e12,7b782bb3920e4cf8f3b2324698cf65cecaf2507fbf323cff809f10d435d85e12,exact_hash_match
resnet20_4beb2ef54b9f,/scratch/users/ghoshavr/eoss/results/NEURAL_NETWORK_RESULTS_20260905/07_FIXED_FRAME_BIMODALITY/checkpoint_snapshot/resnet20_4beb2ef54b9f/checkpoints/ckpt_014999.pt,/scratch/users/ghoshavr/eoss/results/marc_arch_sweep/resnet20_e0.05_b4096/checkpoints/ckpt_014999.pt,,,source_exists_unverified
resnet20_bb7ea1fcfaa8,/scratch/users/ghoshavr/eoss/results/NEURAL_NETWORK_RESULTS_20260905/07_FIXED_FRAME_BIMODALITY/checkpoint_snapshot/resnet20_bb7ea1fcfaa8/checkpoints/ckpt_014999.pt,/scratch/users/ghoshavr/eoss/results/marc_arch_sweep/resnet20_e0.05_b512/checkpoints/ckpt_014999.pt,,,source_exists_unverified
vit_535cb27570b5,/scratch/users/ghoshavr/eoss/results/NEURAL_NETWORK_RESULTS_20260905/07_FIXED_FRAME_BIMODALITY/checkpoint_snapshot/vit_535cb27570b5/checkpoints/ckpt_019999.pt,/scratch/users/ghoshavr/eoss/results/marc_arch_sweep/vit_e0.2_b128/checkpoints/ckpt_019999.pt,,,source_exists_unverified
vit_54817fcccb03,/scratch/users/ghoshavr/eoss/results/NEURAL_NETWORK_RESULTS_20260905/07_FIXED_FRAME_BIMODALITY/checkpoint_snapshot/vit_54817fcccb03/checkpoints/ckpt_019999.pt,/scratch/users/ghoshavr/eoss/results/marc_arch_sweep/vit_e0.2_b2048/checkpoints/ckpt_019999.pt,58500e60e5c8c00a995688a9750d49c3c4a6d039cdbfd3f5e90a6947ed226aad,58500e60e5c8c00a995688a9750d49c3c4a6d039cdbfd3f5e90a6947ed226aad,exact_hash_match
vit_a247930a49d2,/scratch/users/ghoshavr/eoss/results/NEURAL_NETWORK_RESULTS_20260905/07_FIXED_FRAME_BIMODALITY/checkpoint_snapshot/vit_a247930a49d2/checkpoints/ckpt_019999.pt,/scratch/users/ghoshavr/eoss/results/marc_arch_sweep/vit_e0.2_b32/checkpoints/ckpt_019999.pt,,,source_exists_unverified
vit_be375c85b13e,/scratch/users/ghoshavr/eoss/results/NEURAL_NETWORK_RESULTS_20260905/07_FIXED_FRAME_BIMODALITY/checkpoint_snapshot/vit_be375c85b13e/checkpoints/ckpt_019999.pt,/scratch/users/ghoshavr/eoss/results/marc_arch_sweep/vit_e0.2_b4096/checkpoints/ckpt_019999.pt,,,source_exists_unverified
vit_fa8a421e318b,/scratch/users/ghoshavr/eoss/results/NEURAL_NETWORK_RESULTS_20260905/07_FIXED_FRAME_BIMODALITY/checkpoint_snapshot/vit_fa8a421e318b/checkpoints/ckpt_019999.pt,/scratch/users/ghoshavr/eoss/results/marc_arch_sweep/vit_e0.2_b512/checkpoints/ckpt_019999.pt,,,source_exists_unverified
vit_78d17457e784,/scratch/users/ghoshavr/eoss/results/NEURAL_NETWORK_RESULTS_20260905/07_FIXED_FRAME_BIMODALITY/checkpoint_snapshot/vit_78d17457e784/checkpoints/ckpt_019999.pt,/scratch/users/ghoshavr/eoss/results/marc_arch_sweep/vit_e0.4_b32/checkpoints/ckpt_019999.pt,,,source_exists_unverified
vit_90ef32f06828,/scratch/users/ghoshavr/eoss/results/NEURAL_NETWORK_RESULTS_20260905/07_FIXED_FRAME_BIMODALITY/checkpoint_snapshot/vit_90ef32f06828/checkpoints/ckpt_019999.pt,/scratch/users/ghoshavr/eoss/results/marc_arch_sweep/vit_e0.4_b4096/checkpoints/ckpt_019999.pt,,,source_exists_unverified
vit_ef38fdfa98c1,/scratch/users/ghoshavr/eoss/results/NEURAL_NETWORK_RESULTS_20260905/07_FIXED_FRAME_BIMODALITY/checkpoint_snapshot/vit_ef38fdfa98c1/checkpoints/ckpt_019999.pt,/scratch/users/ghoshavr/eoss/results/marc_arch_sweep/vit_e0.4_b8/checkpoints/ckpt_019999.pt,,,source_exists_unverified
vit_e41579b76e4e,/scratch/users/ghoshavr/eoss/results/NEURAL_NETWORK_RESULTS_20260905/07_FIXED_FRAME_BIMODALITY/checkpoint_snapshot/vit_e41579b76e4e/checkpoints/ckpt_019500.pt,/scratch/users/ghoshavr/eoss/results/marc_repro_lyap/vit_B32_eta0.007_s0/checkpoints/ckpt_019500.pt,,,source_exists_unverified
vit_99d882c80fcb,/scratch/users/ghoshavr/eoss/results/NEURAL_NETWORK_RESULTS_20260905/07_FIXED_FRAME_BIMODALITY/checkpoint_snapshot/vit_99d882c80fcb/checkpoints/ckpt_019500.pt,/scratch/users/ghoshavr/eoss/results/marc_repro_lyap/vit_B32_eta0.007_s1/checkpoints/ckpt_019500.pt,,,source_exists_unverified
vit_8a19d71ceb70,/scratch/users/ghoshavr/eoss/results/NEURAL_NETWORK_RESULTS_20260905/07_FIXED_FRAME_BIMODALITY/checkpoint_snapshot/vit_8a19d71ceb70/checkpoints/ckpt_019500.pt,/scratch/users/ghoshavr/eoss/results/marc_repro_lyap/vit_B32_eta0.007_s2/checkpoints/ckpt_019500.pt,,,source_exists_unverified
vit_1298d66bf6a7,/scratch/users/ghoshavr/eoss/results/NEURAL_NETWORK_RESULTS_20260905/07_FIXED_FRAME_BIMODALITY/checkpoint_snapshot/vit_1298d66bf6a7/checkpoints/ckpt_019500.pt,/scratch/users/ghoshavr/eoss/results/marc_repro_lyap/vit_B32_eta0.007_s3/checkpoints/ckpt_019500.pt,,,source_exists_unverified
vit_38d3d73e622c,/scratch/users/ghoshavr/eoss/results/NEURAL_NETWORK_RESULTS_20260905/07_FIXED_FRAME_BIMODALITY/checkpoint_snapshot/vit_38d3d73e622c/checkpoints/ckpt_019500.pt,/scratch/users/ghoshavr/eoss/results/marc_repro_lyap/vit_B32_eta0.007_s4/checkpoints/ckpt_019500.pt,,,source_exists_unverified
vit_4c11109b3746,/scratch/users/ghoshavr/eoss/results/NEURAL_NETWORK_RESULTS_20260905/07_FIXED_FRAME_BIMODALITY/checkpoint_snapshot/vit_4c11109b3746/checkpoints/ckpt_019500.pt,/scratch/users/ghoshavr/eoss/results/marc_repro_lyap/vit_B32_eta0.007_s5/checkpoints/ckpt_019500.pt,,,source_exists_unverified
vit_0b05f36e391b,/scratch/users/ghoshavr/eoss/results/NEURAL_NETWORK_RESULTS_20260905/07_FIXED_FRAME_BIMODALITY/checkpoint_snapshot/vit_0b05f36e391b/checkpoints/ckpt_019500.pt,/scratch/users/ghoshavr/eoss/results/marc_repro_lyap/vit_B32_eta0.007_s6/checkpoints/ckpt_019500.pt,,,source_exists_unverified
vit_777355893f3f,/scratch/users/ghoshavr/eoss/results/NEURAL_NETWORK_RESULTS_20260905/07_FIXED_FRAME_BIMODALITY/checkpoint_snapshot/vit_777355893f3f/checkpoints/ckpt_019500.pt,/scratch/users/ghoshavr/eoss/results/marc_repro_lyap/vit_B32_eta0.007_s7/checkpoints/ckpt_019500.pt,,,source_exists_unverified
vit_af2272f5b3a0,/scratch/users/ghoshavr/eoss/results/NEURAL_NETWORK_RESULTS_20260905/07_FIXED_FRAME_BIMODALITY/checkpoint_snapshot/vit_af2272f5b3a0/checkpoints/ckpt_005500.pt,/scratch/users/ghoshavr/eoss/results/marc_repro_lyap/viteta_e0.02/checkpoints/ckpt_005500.pt,,,source_exists_unverified
vit_b8ff5cd8526c,/scratch/users/ghoshavr/eoss/results/NEURAL_NETWORK_RESULTS_20260905/07_FIXED_FRAME_BIMODALITY/checkpoint_snapshot/vit_b8ff5cd8526c/checkpoints/ckpt_005500.pt,/scratch/users/ghoshavr/eoss/results/marc_repro_lyap/vitni_e0.02/checkpoints/ckpt_005500.pt,,,source_exists_unverified
vit_e1bb0f5741d9,/scratch/users/ghoshavr/eoss/results/NEURAL_NETWORK_RESULTS_20260905/07_FIXED_FRAME_BIMODALITY/checkpoint_snapshot/vit_e1bb0f5741d9/checkpoints/ckpt_019500.pt,/scratch/users/ghoshavr/eoss/results/marc_repro_lyap/vitsweep_b128/checkpoints/ckpt_019500.pt,,,source_exists_unverified
vit_854ac7decd83,/scratch/users/ghoshavr/eoss/results/NEURAL_NETWORK_RESULTS_20260905/07_FIXED_FRAME_BIMODALITY/checkpoint_snapshot/vit_854ac7decd83/checkpoints/ckpt_019950.pt,/scratch/users/ghoshavr/eoss/results/marc_repro_lyap/vitsweep_b2048/checkpoints/ckpt_019950.pt,,,source_exists_unverified
vit_99acb8e2bf6d,/scratch/users/ghoshavr/eoss/results/NEURAL_NETWORK_RESULTS_20260905/07_FIXED_FRAME_BIMODALITY/checkpoint_snapshot/vit_99acb8e2bf6d/checkpoints/ckpt_019500.pt,/scratch/users/ghoshavr/eoss/results/marc_repro_lyap/vitsweep_b32/checkpoints/ckpt_019500.pt,,,source_exists_unverified
vit_fafe85c65219,/scratch/users/ghoshavr/eoss/results/NEURAL_NETWORK_RESULTS_20260905/07_FIXED_FRAME_BIMODALITY/checkpoint_snapshot/vit_fafe85c65219/checkpoints/ckpt_019950.pt,/scratch/users/ghoshavr/eoss/results/marc_repro_lyap/vitsweep_b4096/checkpoints/ckpt_019950.pt,,,source_exists_unverified
vit_062c8b8f01cd,/scratch/users/ghoshavr/eoss/results/NEURAL_NETWORK_RESULTS_20260905/07_FIXED_FRAME_BIMODALITY/checkpoint_snapshot/vit_062c8b8f01cd/checkpoints/ckpt_019950.pt,/scratch/users/ghoshavr/eoss/results/marc_repro_lyap/vitsweep_b512/checkpoints/ckpt_019950.pt,,,source_exists_unverified
vit_6cb2d4a9703d,/scratch/users/ghoshavr/eoss/results/NEURAL_NETWORK_RESULTS_20260905/07_FIXED_FRAME_BIMODALITY/checkpoint_snapshot/vit_6cb2d4a9703d/checkpoints/ckpt_019500.pt,/scratch/users/ghoshavr/eoss/results/marc_repro_lyap/vitsweep_b8/checkpoints/ckpt_019500.pt,,,source_exists_unverified
vit_cf3a4c9d65a9,/scratch/users/ghoshavr/eoss/results/NEURAL_NETWORK_RESULTS_20260905/07_FIXED_FRAME_BIMODALITY/checkpoint_snapshot/vit_cf3a4c9d65a9/checkpoints/ckpt_019500.pt,/scratch/users/ghoshavr/eoss/results/marc_repro_lyap/vitwu_e0.02/checkpoints/ckpt_019500.pt,,,source_exists_unverified
vit_71f7249a2bc8,/scratch/users/ghoshavr/eoss/results/NEURAL_NETWORK_RESULTS_20260905/07_FIXED_FRAME_BIMODALITY/checkpoint_snapshot/vit_71f7249a2bc8/checkpoints/ckpt_019500.pt,/scratch/users/ghoshavr/eoss/results/marc_repro_lyap/vitwu_e0.05/checkpoints/ckpt_019500.pt,,,source_exists_unverified
vit_23244118b103,/scratch/users/ghoshavr/eoss/results/NEURAL_NETWORK_RESULTS_20260905/07_FIXED_FRAME_BIMODALITY/checkpoint_snapshot/vit_23244118b103/checkpoints/ckpt_019500.pt,/scratch/users/ghoshavr/eoss/results/marc_repro_lyap/vitwu_e0.1/checkpoints/ckpt_019500.pt,,,source_exists_unverified
vit_678aeb8055eb,/scratch/users/ghoshavr/eoss/results/NEURAL_NETWORK_RESULTS_20260905/07_FIXED_FRAME_BIMODALITY/checkpoint_snapshot/vit_678aeb8055eb/checkpoints/ckpt_019500.pt,/scratch/users/ghoshavr/eoss/results/marc_repro_lyap/vitwu_e0.2/checkpoints/ckpt_019500.pt,,,source_exists_unverified
vit_e46ae99d599b,/scratch/users/ghoshavr/eoss/results/NEURAL_NETWORK_RESULTS_20260905/07_FIXED_FRAME_BIMODALITY/checkpoint_snapshot/vit_e46ae99d599b/checkpoints/ckpt_019500.pt,/scratch/users/ghoshavr/eoss/results/marc_repro_lyap/vitwu_e0.4/checkpoints/ckpt_019500.pt,,,source_exists_unverified
